"id","inlf","hours","kidslt6","kidsge6","age","educ","wage","repwage","hushrs","husage","huseduc","huswage","faminc","mtr","motheduc","fatheduc","unem","city","exper","nwifeinc","lwage","expersq"
"1",1,1610,1,0,32,12,3.3540000916,2.6500000954,2708,34,12,4.0288000107,16310,0.7214999795,12,7,5,0,14,10.9100599289,1.2101536989,196
"2",1,1656,0,2,30,12,1.3889000416,2.6500000954,2310,30,9,8.4415998459,21800,0.6614999771,7,7,11,1,5,19.4999809265,0.3285121024,25
"3",1,1980,1,3,35,12,4.5454998016,4.0399999619,3072,40,12,3.5806999207,21040,0.6915000081,12,7,5,0,15,12.0399103165,1.5141377449,225
"4",1,456,0,3,34,12,1.0965000391,3.25,1920,53,10,3.5416998863,7300,0.7814999819,7,7,5,0,6,6.7999958992,0.0921233222,36
"5",1,1568,1,2,31,14,4.5918002129,3.5999999046,2000,32,12,10,27300,0.6215000153,12,14,9.5,1,7,20.1000576019,1.5242722034,49
"6",1,2032,0,0,54,12,4.742099762,4.6999998093,1040,57,11,6.7105998993,19495,0.6915000081,14,7,7.5,1,33,9.8590536118,1.5564800501,1089
"7",1,1440,0,2,37,16,8.3332996368,5.9499998093,2670,37,12,3.4277000427,21152,0.6915000081,14,7,5,0,11,9.152048111,2.1202595234,121
"8",1,1020,0,0,54,12,7.843100071,9.9799995422,4120,53,8,2.548500061,18900,0.6915000081,3,3,5,0,35,10.9000377655,2.0596342087,1225
"9",1,1458,0,2,48,12,2.1261999607,0,1995,52,4,4.2206001282,20405,0.7515000105,7,7,3,0,24,17.3050003052,0.7543363571,576
"10",1,1600,0,2,39,12,4.6875,4.1500000954,2100,43,12,5.7143001556,20425,0.6915000081,7,7,5,0,21,12.9250001907,1.5448993444,441
"11",1,1969,0,1,33,12,4.0630002022,4.3000001907,2450,34,12,9.7959003448,32300,0.5814999938,12,3,5,0,15,24.2999534607,1.4019216299,225
"12",1,1960,0,1,42,11,4.5918002129,4.5799999237,2375,47,14,8,28700,0.6215000153,14,7,5,0,14,19.7000713348,1.5242722034,196
"13",1,240,1,2,30,12,2.0833001137,0,2830,33,16,5.3003997803,15500,0.7214999795,16,16,5,0,0,15.0000076294,0.7339532375,0
"14",1,997,0,2,43,12,2.2667999268,3.5,3317,46,12,4.3413000107,16860,0.7214999795,10,10,7.5,1,14,14.6000003815,0.8183690906,196
"15",1,1848,0,1,43,10,3.6796998978,3.3800001144,2024,45,17,10.8699998856,31431,0.5814999938,7,7,7.5,1,6,24.6309146881,1.3028311729,36
"16",1,1224,0,3,35,11,1.347200036,0,1694,38,12,9.1499004364,19180,0.7214999795,16,10,7.5,1,9,17.5310268402,0.2980283797,81
"17",1,1400,0,2,43,12,3.2142999172,4,2156,45,12,6.122399807,18600,0.6915000081,10,7,7.5,1,20,14.0999803543,1.1676095724,400
"18",1,640,0,5,39,12,5.1750001907,2.25,2250,40,12,6.1497998238,19151,0.7214999795,12,12,7.5,1,6,15.8389997482,1.6438393593,36
"19",1,2000,0,0,45,12,2,2.2999999523,2024,51,11,6.9169998169,18100,0.6915000081,7,7,5,1,23,14.1000003815,0.6931471825,529
"20",1,1324,0,4,35,12,7.5528998375,3.9400000572,2123,40,10,4.7102999687,20300,0.6915000081,12,7,5,0,9,10.2999610901,2.0219316483,81
"21",1,2215,0,2,42,16,3.5051999092,3.2999999523,4160,48,16,3.131000042,30419,0.6215000153,10,16,7.5,0,5,22.6549816132,1.2542475462,25
"22",1,1680,0,0,30,12,3.5713999271,3.7999999523,2000,35,12,4,14090,0.7214999795,12,10,3,0,11,8.0900478363,1.2729576826,121
"23",1,1600,0,0,48,13,3.25,3.2599999905,2420,52,17,7.222700119,22679,0.6614999771,7,3,5,1,18,17.4790000916,1.1786550283,324
"24",1,800,0,0,45,12,3.25,2.2000000477,1150,53,17,7.9651999474,12160,0.7214999795,7,7,11,0,15,9.5600004196,1.1786550283,225
"25",1,1955,1,1,31,12,2.1545000076,2.2999999523,2024,31,12,4.0883998871,12487,0.7515000105,12,7,5,1,4,8.2749528885,0.7675586939,16
"26",1,660,0,2,43,17,3.787899971,0,1904,43,17,14.1809997559,29850,0.5814999938,16,14,9.5,1,21,27.3499851227,1.3318117857,441
"27",1,525,0,0,59,12,4,3.1800000668,2448,53,16,6.535900116,18100,0.6915000081,3,7,9.5,1,31,16,1.3862943649,961
"28",1,1904,0,3,32,12,4.7269001007,6.0700001717,2000,33,13,8.5,26000,0.6614999771,3,7,11,1,9,16.9999828339,1.5532696247,81
"29",1,1516,1,0,31,17,7.2558999062,6,2390,30,17,6.2761998177,26100,0.6215000153,12,12,5,0,7,15.1000556946,1.9818148613,49
"30",1,346,0,0,42,12,5.867099762,6.3899998665,1920,47,10,5.2083001137,17730,0.7214999795,12,12,9.5,0,7,15.6999835968,1.7693604231,49
"31",1,1040,0,0,50,11,1.5384999514,0,1840,53,10,2.7820999622,6719,0.7515000105,7,7,7.5,1,32,5.1189599037,0.4308078885,1024
"32",1,732,0,0,59,16,2.4590001106,2.5,3360,57,17,4.9106998444,18550,0.6915000081,3,3,14,1,11,16.7500114441,0.8997548223,121
"33",1,1880,0,2,36,13,5.851099968,5.1999998093,2284,35,13,5.8668999672,24600,0.6614999771,12,10,7.5,0,16,13.5999317169,1.7666296959,256
"34",1,1680,0,1,51,12,3.5713999271,3.2899999619,1875,50,8,7.5199999809,23100,0.6915000081,7,14,5,1,14,17.1000480652,1.2729576826,196
"35",1,2081,0,3,45,16,3.8067998886,4.1900000572,2140,47,17,7.5448999405,24656,0.6614999771,12,12,5,1,27,16.7340488434,1.3367888927,729
"36",1,690,0,1,42,11,2.4637999535,0,1896,44,8,5.5380001068,15897,0.7515000105,10,3,7.5,0,0,14.1969776154,0.9017048478,0
"37",1,4210,0,0,46,12,2.3752999306,4.6300001144,1040,49,16,6.9230999947,20320,0.6915000081,3,3,11,1,17,10.3199872971,0.8651236892,289
"38",1,2205,0,1,46,10,4.5350999832,4.5500001907,2200,52,12,5,21384,0.6614999771,10,3,11,0,28,11.3841047287,1.5118471384,784
"39",1,1952,0,0,51,14,5.6182999611,5.5999999046,1952,58,12,7.3063998222,25561,0.6215000153,7,7,14,0,24,14.594078064,1.7260291576,576
"40",1,1302,0,0,30,17,14.6309995651,9.529999733,1560,30,17,11.218000412,36550,0.5799999833,14,17,5,1,11,17.5004386902,2.6831424236,121
"41",1,112,1,2,30,12,2.6786000729,0,4030,33,16,3.8461999893,15810,0.7214999795,12,12,3,0,1,15.5099964142,0.9852942824,1
"42",1,893,0,0,57,12,3.9193999767,3.5,2570,58,12,5.8365998268,25500,0.6215000153,9,9,7.5,1,14,21.9999752045,1.3659385443,196
"43",1,583,1,2,31,16,2.5729000568,9.9799995422,1530,34,16,13.7250003815,24000,0.6614999771,14,16,9.5,1,6,22.5,0.9450336695,36
"44",1,480,0,2,48,12,4.5374999046,4.6500000954,3149,48,8,6.3492999077,22172,0.6614999771,3,3,5,0,10,19.9939994812,1.5123761892,100
"45",1,1900,0,3,30,12,2,2.2300000191,2690,32,12,5.2527999878,17930,0.7214999795,12,7,5,0,6,14.1300001144,0.6931471825,36
"46",1,576,0,2,34,12,3.4721999168,3.8399999142,3096,33,12,1.3075000048,7000,0.7814999819,12,7,3,0,4,5.0000128746,1.2447884083,16
"47",1,2056,0,2,48,16,2.0160999298,0,2552,53,16,2.7997999191,25300,0.7214999795,14,16,5,1,10,21.1548976898,0.7011649013,100
"48",1,1984,0,0,45,12,4.5715999603,4.8200001717,2040,47,11,2.6960999966,16212,0.7214999795,10,10,11,0,22,7.1419458389,1.5198632479,484
"49",1,2640,0,0,51,12,2.2727000713,0,2180,50,13,7.5687999725,22650,0.6614999771,7,7,3,0,16,16.6500720978,0.8209685683,256
"50",1,240,0,2,30,12,2.6375000477,0,1864,37,12,3.4077000618,6985,0.7814999819,12,7,14,0,6,6.3519997597,0.9698315263,36
"51",1,1173,0,1,46,12,2.2899000645,2.5,2068,46,12,6.5401000977,30000,0.6915000081,7,7,11,1,12,27.3139476776,0.8285081983,144
"52",1,3640,0,0,58,12,1.0988999605,0,2010,58,12,7.2139000893,18500,0.6915000081,7,3,9.5,1,32,14.5000038147,0.0943096429,1024
"53",1,340,0,8,37,12,1.1764999628,0,2152,40,10,6.2732000351,16658,0.7515000105,12,7,5,0,15,16.2579898834,0.1625438929,225
"54",1,500,0,0,52,8,1.6000000238,0,1496,54,11,5.8824000359,10300,0.7515000105,7,7,5,1,17,9.5,0.4700036347,289
"55",1,1599,0,0,52,10,1.8761999607,2.7999999523,2100,47,4,3.809499979,11000,0.7515000105,7,3,7.5,0,34,7.999956131,0.6292484403,1156
"56",1,1830,0,0,31,16,4.0437002182,4.1999998093,1960,35,14,6.377600193,19900,0.6915000081,12,12,7.5,1,9,12.5000286102,1.3971601725,81
"57",1,1920,0,0,55,14,9.6353998184,8.75,1985,55,15,6.0453000069,32500,0.6399999857,7,7,14,1,37,14.0000324249,2.2654438019,1369
"58",1,2052,0,0,34,17,8.0409002304,8.25,2020,33,17,8.8119001389,37300,0.5799999833,17,17,7.5,1,10,20.8000736237,2.0845410824,100
"59",1,2312,0,0,55,14,4.5989999771,5.5799999237,2178,56,16,8.8765001297,30018,0.5814999938,17,7,11,1,35,19.3851127625,1.5258388519,1225
"60",1,196,0,2,39,12,2.1428999901,2.5,3684,39,12,3.3420000076,12807,0.7515000105,12,7,14,1,6,12.3869915009,0.7621600628,36
"61",1,2500,0,3,40,14,4.4000000954,5.5,5010,42,13,3.1835999489,39500,0.5515000224,14,3,7.5,0,19,28.5,1.4816045761,361
"62",1,1980,0,4,43,12,3.5353999138,3.75,1880,47,12,6.914899826,22050,0.6915000081,12,12,9.5,1,10,15.049908638,1.2628264427,100
"63",1,1840,0,0,48,8,2.717400074,4.8000001907,1904,56,8,5.5146999359,15500,0.7214999795,7,7,14,1,11,10.4999837875,0.9996755719,121
"64",1,320,0,0,47,12,6.25,6.25,2083,47,12,5.2807998657,13810,0.7214999795,7,7,9.5,1,15,11.8100004196,1.8325815201,225
"65",1,419,0,4,41,12,11.9329996109,6.3000001907,2125,44,12,3.2000000477,11950,0.7515000105,7,7,5,1,12,6.9500732422,2.4793076515,144
"66",1,1880,0,0,36,8,3.593100071,3.75,1985,37,12,5.8790998459,19175,0.6915000081,12,12,7.5,0,12,12.4199714661,1.2790153027,144
"67",1,72,0,2,46,17,6.9443998337,0,2640,48,17,6.25,17900,0.6915000081,12,16,7.5,0,14,17.4000034332,1.9379355907,196
"68",1,120,0,0,34,12,2.9166998863,0,2070,51,8,7.4878997803,15850,0.7214999795,12,7,5,1,11,15.4999961853,1.0704528093,121
"69",1,1885,0,3,41,12,3.0769000053,2.9000000954,2107,48,8,6.9766998291,27017,0.6915000081,7,7,5,1,9,21.217042923,1.1239225864,81
"70",1,240,0,1,51,12,3.75,0,2250,54,10,8,18900,0.6915000081,12,7,5,0,24,18,1.3217558861,576
"71",1,1729,0,0,33,12,5.7259001732,4.7600002289,2880,34,16,4.1318998337,21800,0.6915000081,12,12,7.5,1,12,11.8999185562,1.7449997663,144
"72",1,1850,0,0,52,12,3.6756999493,3.4000000954,1848,53,12,14.4759998322,33552,0.5515000224,10,10,7.5,1,13,26.7519550323,1.3017436266,169
"73",1,2033,0,0,58,9,5.1648001671,4.3200001717,1927,53,7,5.7343001366,22650,0.6614999771,7,9,7.5,1,29,12.1499614716,1.6418664455,841
"74",1,608,2,4,34,10,8.2236995697,3,1304,38,9,3.3742001057,15200,0.7914999723,0,0,7.5,1,11,10.1999902725,2.1070201397,121
"75",1,1153,0,1,31,12,4.3365001678,4.5199999809,3000,35,12,1.8332999945,13120,0.7214999795,7,10,7.5,1,13,8.1200151443,1.4670675993,169
"76",1,2208,0,1,48,12,4.9819002151,5.3099999428,1892,52,12,5.6024999619,21660,0.6614999771,12,14,5,1,19,10.6599645615,1.6058113575,361
"77",1,252,0,2,32,12,0.3571000099,0,3644,32,12,4.2975001335,18190,0.7214999795,7,7,3,0,2,18.1000099182,-1.0297393799,4
"78",1,337,0,0,49,17,2.967400074,0,1430,47,17,3.9161000252,9600,0.7515000105,3,3,14,1,24,8.5999860764,1.0876861811,576
"79",1,90,2,2,32,15,1,0,2350,31,14,4.8786997795,13755,0.7515000105,10,12,7.5,1,9,13.6649999619,0,81
"80",1,1174,0,0,58,12,2.5553998947,4.8699998856,1948,59,16,9.2402000427,35350,0.6614999771,7,12,7.5,1,6,32.3499603271,0.9382086992,36
"81",1,372,0,0,50,6,0.8601999879,2.25,1804,42,12,6.6518998146,12405,0.7214999795,12,7,7.5,1,22,12.0850057602,-0.1505903751,484
"82",1,30,0,0,60,14,1,0,2326,51,12,4.62169981,12180,0.7515000105,12,17,9.5,0,30,12.1499996185,0,900
"83",1,1800,0,1,50,12,2.9261000156,0,1739,55,11,9.9741001129,22962,0.6614999771,7,3,7.5,1,10,17.6950206757,1.0736705065,100
"84",1,282,0,0,56,14,3.5460999012,2.5,1176,57,17,20.9179992676,25700,0.6215000153,7,7,9.5,1,6,24.7000007629,1.2658483982,36
"85",1,720,0,0,51,9,1.6263999939,2.2000000477,1100,55,8,1.9400000572,3305,0.7914999723,7,7,3,0,29,2.1339919567,0.486368984,841
"86",1,1440,0,1,54,17,8.3332996368,6,1528,58,17,8.835100174,32950,0.5814999938,7,12,5,1,29,20.9500484467,2.1202595234,841
"87",1,2100,0,0,59,13,3.0952000618,2.9500000477,2250,52,15,4.6666998863,17000,0.6915000081,7,7,5,1,36,10.5000801086,1.1298525333,1296
"88",1,1000,0,2,46,9,2.7000000477,2.3499999046,1927,47,10,5.1894001961,13250,0.7515000105,7,7,5,1,19,10.5500001907,0.9932518005,361
"89",1,952,0,1,46,15,5.2520999908,0,2414,47,16,18.7240009308,50750,0.4415000081,7,12,5,1,8,45.75,1.6586279869,64
"90",1,1413,1,3,39,12,1.4154000282,2.2000000477,768,49,8,10.4169998169,15632,0.7714999914,10,10,14,0,13,13.6320400238,0.3474121988,169
"91",1,2100,0,2,44,12,4.7986001968,4.8499999046,1984,43,14,8.8458003998,28316,0.6215000153,7,0,11,1,16,18.2389392853,1.5683242083,256
"92",1,120,2,0,33,12,1.6667000055,2.3699998856,2246,36,12,7.5689997673,17290,0.7214999795,12,12,9.5,1,11,17.0899963379,0.5108456016,121
"93",1,3000,1,2,33,12,1.1217000484,0,3024,30,17,4.4506998062,33600,0.6215000153,10,10,7.5,1,15,30.2348995209,0.1148454323,225
"94",1,1000,0,2,48,12,0.5,0,2921,52,12,9.320400238,29200,0.6215000153,12,7,9,1,6,28.7000007629,-0.6931471825,36
"95",1,336,0,4,31,12,0.7142999768,0,2045,37,17,9.1687002182,19870,0.6915000081,7,7,11,0,13,19.6299953461,-0.3364522755,169
"96",1,1216,0,1,45,12,2.7960999012,2.9000000954,1928,44,12,6.483399868,16225,0.7214999795,7,7,11,0,22,12.8249425888,1.0282255411,484
"97",1,988,0,1,45,12,4.858300209,4.5,1920,44,10,7.8125,28600,0.6915000081,7,3,5,1,24,23.7999992371,1.5806885958,576
"98",1,2581,0,2,32,13,1.7434999943,2.5999999046,2280,37,17,11.4040002823,30800,0.5814999938,14,12,7.5,1,2,26.3000259399,0.5558946133,4
"99",1,2030,0,0,47,12,2.4630999565,2.7999999523,2300,47,17,5.0869998932,25700,0.6915000081,7,7,3,0,6,20.6999073029,0.9014207125,36
"100",1,413,0,2,34,13,2.4212999344,3,2480,35,13,6.9758000374,27000,0.6215000153,12,12,3,0,2,26.0000038147,0.8843045831,4
"101",1,782,0,1,37,12,1.5345000029,2.2999999523,1135,34,10,5.2863001823,12077,0.7714999914,12,7,9.5,1,2,10.8770208359,0.428204596,4
"102",1,1388,0,1,36,12,2.8817999363,1.8700000048,1384,39,12,11.5620002747,29612,0.6614999771,7,7,11,0,14,25.6120624542,1.0584150553,196
"103",1,1450,1,2,47,12,2.406899929,3,1848,50,14,8.6061000824,24479,0.6915000081,7,10,9.5,1,9,20.9889945984,0.8783395886,81
"104",1,1720,0,1,48,16,5.2326002121,4.6799998283,2499,46,17,12.8050003052,79750,0.4415000081,14,14,7.5,1,11,70.7499313354,1.6549082994,121
"105",1,800,0,2,42,12,3.75,2.5,2390,43,12,6.6946001053,20050,0.6915000081,12,7,11,0,9,17.0499992371,1.3217558861,81
"106",1,360,0,3,33,13,1.3889000416,0,2400,44,14,8.3332996368,21500,0.6915000081,10,12,11,1,6,20.9999961853,0.3285121024,36
"107",1,2000,0,0,46,11,4,4.6100001335,1920,53,8,4.1666998863,16120,0.6915000081,7,7,5,0,19,8.1199998856,1.3862943649,361
"108",1,1176,0,3,47,12,3.2313001156,3.3499999046,2301,48,13,5.4759001732,24686,0.7214999795,7,7,9.5,0,26,20.8859901428,1.1728845835,676
"109",1,2058,0,1,44,12,3.4014000893,3.7999999523,1944,43,10,5.1440000534,24669,0.6915000081,7,10,9.5,1,19,17.6689186096,1.2241871357,361
"110",1,900,0,4,36,12,1.3332999945,2.2000000477,2100,37,17,11.6669998169,26400,0.6614999771,7,7,7.5,1,3,25.2000293732,0.2876570821,9
"111",1,215,2,0,31,17,9.3023004532,9.9799995422,1920,32,16,7.2916998863,16245,0.7214999795,12,12,7.5,1,7,14.2450056076,2.2302618027,49
"112",1,2000,0,0,55,14,4.5,4.3699998856,2880,55,14,4.8611001968,23300,0.6614999771,7,7,9.5,1,28,14.3000001907,1.5040774345,784
"113",1,757,0,1,45,16,4.6234998703,4.5,1932,48,16,12.1639995575,27200,0.6215000153,12,7,9.5,1,13,23.7000102997,1.53115201,169
"114",1,1264,0,0,47,17,3.9556999207,0,3234,48,17,10.8229999542,51000,0.461499989,10,17,9.5,1,9,45.9999961853,1.3751575947,81
"115",1,2064,0,3,46,12,5.8140001297,6,2805,47,12,12.4779996872,55000,0.461499989,10,7,14,1,15,42.9999046326,1.7602688074,225
"116",1,1280,0,0,49,11,0.5,0,2272,52,9,6.1620001793,15389,0.7214999795,7,7,7.5,1,20,14.7489995956,-0.6931471825,400
"117",1,1715,0,0,49,12,4.0816001892,3.75,2227,52,14,7.1845998764,23150,0.6614999771,7,7,9.5,1,29,16.1500549316,1.4064891338,841
"118",1,2000,0,2,45,12,6,4.9499998093,1720,49,6,7.0929999352,29774,0.6215000153,7,10,14,1,9,17.7740001678,1.791759491,81
"119",1,12,1,3,38,17,3.6666998863,0,2300,38,13,17.8260002136,91044,0.4415000081,12,10,14,1,1,91,1.2992920876,1
"120",1,1528,0,0,47,10,3.8612999916,2.9500000477,3410,50,12,6.3930001259,28200,0.5814999938,7,12,14,1,8,22.2999343872,1.3510038853,64
"121",1,561,0,3,54,13,2.7629001141,2.5299999714,2304,57,16,11.7189998627,36150,0.5515000224,7,7,9.5,1,19,34.6000137329,1.0162808895,361
"122",1,2058,0,0,41,11,2.9309999943,2.9000000954,1984,42,12,4.7883000374,15652,0.7214999795,12,12,7.5,0,23,9.6200017929,1.0753436089,529
"123",1,1823,0,2,43,12,4.3884000778,4.1999998093,1890,33,14,4.2328000069,18900,0.7515000105,14,7,11,0,3,10.8999462128,1.4789646864,9
"124",1,1680,1,1,31,16,5.4166998863,4.6999998093,1970,32,12,7.1065998077,23600,0.6614999771,12,10,7.5,0,13,14.4999437332,1.689486742,169
"125",1,1440,0,0,47,17,9.8611001968,7.0999999046,2400,46,12,8.3332996368,36200,0.6100000143,7,7,7.5,1,8,22.0000152588,2.2885978222,64
"126",1,4950,0,2,35,12,0.1615999937,2.75,2504,37,12,6.9888000488,18700,0.6915000081,10,10,7.5,0,17,17.9000797272,-1.8226311207,289
"127",1,1176,0,3,45,16,0.3826000094,3.75,2398,48,17,9.5913000107,24125,0.6614999771,7,7,11,1,4,23.6750621796,-0.960765183,16
"128",1,1100,1,0,33,12,3.6363999844,3.5799999237,1960,39,12,6.0204000473,15800,0.7214999795,7,7,7.5,0,15,11.7999601364,1.2909941673,225
"129",1,1516,0,1,54,16,2.3747000694,2.4000000954,2550,55,12,2.9686000347,19742,0.7214999795,12,7,3,0,11,16.141954422,0.8648711443,121
"130",1,900,0,4,35,8,4.6666998863,3.9500000477,2500,41,12,7,22600,0.6915000081,10,7,9.5,0,7,18.3999710083,1.5404521227,49
"131",1,1080,1,2,31,12,1.8518999815,2.25,2164,37,10,7.1627001762,17500,0.7214999795,7,7,7.5,0,0,15.4999475479,0.6162121296,0
"132",1,480,0,0,55,12,5.1999998093,0,2640,60,12,4.7364001274,19820,0.6915000081,7,7,7.5,0,0,17.3239994049,1.6486586332,0
"133",1,288,0,2,34,12,3.2985999584,4.6199998856,1936,36,12,8.7810001373,20155,0.6915000081,12,16,11,1,10,19.2050037384,1.1934981346,100
"134",1,1875,0,1,38,13,8.5333003998,8.5,2136,41,12,9.8315000534,37300,0.5799999833,10,12,7.5,1,8,21.3000621796,2.1439762115,64
"135",1,630,0,1,45,11,2.0634999275,0,1955,51,10,6.649600029,24860,0.7214999795,7,7,7.5,1,2,23.5599956512,0.7244035602,4
"136",1,234,0,1,47,12,2.5641000271,2.5,1980,48,10,9.8485002518,21450,0.6614999771,12,3,7.5,1,4,20.8500003815,0.9416075349,16
"137",1,1600,0,2,39,12,2.1875,0,2550,42,11,9.803899765,29650,0.6215000153,7,7,5,1,6,26.1499996185,0.7827593684,36
"138",1,960,1,0,36,14,6.25,0,2058,37,13,8.2603998184,23000,0.6614999771,7,7,11,1,18,17,1.8325815201,324
"139",1,120,1,2,33,12,3.3333001137,0,2263,32,14,9.0676002502,21120,0.6915000081,7,7,9,1,3,20.7200031281,1.2039628029,9
"140",1,2025,0,0,50,12,4.4443998337,4.8000001907,1763,54,13,8.5081996918,26000,0.6215000153,7,12,5,1,22,17.0000896454,1.4916448593,484
"141",1,1809,0,0,58,12,6.6335000992,6.4499998093,2096,59,14,7.1564998627,28000,0.6215000153,3,7,7.5,1,33,15.9999980927,1.8921326399,1089
"142",1,3087,0,0,49,17,8.4224004745,9.9799995422,2059,47,13,7.0423002243,45500,0.5199999809,12,12,11,1,28,19.5000495911,2.1308948994,784
"143",1,910,0,2,41,14,4.3955998421,0,1820,40,17,6.5934000015,16000,0.7214999795,16,12,14,1,23,12.0000038147,1.4806040525,529
"144",1,1840,0,1,51,12,2.4456999302,2.5,2832,53,8,4.3456997871,18232,0.6915000081,7,14,11,0,27,13.7319116592,0.894331336,729
"145",1,784,0,0,53,9,1.2244999409,2.25,1990,60,10,7.2361998558,28160,0.7214999795,3,7,14,1,11,27.1999912262,0.2025325447,121
"146",1,400,1,2,36,12,1.625,0,2000,40,7,1.7400000095,5965,0.8015000224,12,7,11,1,6,5.3150000572,0.4855078161,36
"147",1,1000,0,2,46,12,3,5.5,1885,46,12,6.8965997696,19000,0.7214999795,7,7,9.5,1,11,16,1.0986123085,121
"148",1,1904,0,2,36,12,4.7269001007,4.1999998093,2860,37,12,5.0454998016,36872,0.5515000224,12,12,11,1,14,27.8719825745,1.5532696247,196
"149",1,1771,0,1,53,14,1.1292999983,9.9799995422,1913,48,16,17.25,42000,0.4914999902,12,12,14,1,17,40.0000114441,0.121597968,289
"150",1,1486,0,3,40,16,7.4024000168,6.25,1800,54,16,8.3332996368,26900,0.6215000153,16,14,11,1,17,15.9000339508,2.0018043518,289
"151",1,740,0,2,42,17,4.459499836,1.6499999762,2880,45,16,9.375,30800,0.5814999938,12,10,9,0,14,27.4999694824,1.495036602,196
"152",1,1820,1,1,33,15,2.4725000858,0,1993,32,16,8.2790002823,21520,0.6915000081,12,12,11,1,11,17.0200500488,0.9052298069,121
"153",1,1275,0,3,43,12,1.8824000359,3,2250,47,14,4.5,24795,0.6915000081,7,7,7.5,1,7,22.3949394226,0.6325475574,49
"154",1,450,1,0,31,16,4,4,2286,30,16,4.1995000839,12900,0.7214999795,14,16,14,1,8,11.1000003815,1.3862943649,64
"155",1,1221,0,0,47,17,8.1899995804,5.9899997711,1880,47,16,16.063999176,42700,0.4914999902,7,7,7.5,1,6,32.700012207,2.1029138565,36
"156",1,1550,0,0,54,17,7.0967998505,6,2350,58,17,11.2770004272,38800,0.5214999914,10,17,11,1,8,27.7999610901,1.95964396,64
"157",1,180,1,3,33,12,1.6667000055,0,3640,33,11,0.549399972,2500,0.9415000081,7,3,3,0,4,2.1999940872,0.5108456016,16
"158",1,2090,0,0,43,16,3.4449999332,3.8499999046,1770,47,14,9.5480003357,26921,0.6215000153,14,10,11,1,25,19.7209510803,1.236923933,625
"159",1,1960,0,1,46,13,4.2347002029,4.1999998093,1875,49,13,5.3333001137,18300,0.6915000081,7,9,3,0,24,9.9999876022,1.4433125257,576
"160",1,1440,0,3,35,12,2.7778000832,4.0999999046,2200,38,9,5.4545001984,17200,0.7214999795,7,7,14,1,11,13.199968338,1.021659255,121
"161",1,794,0,3,37,11,1.8891999722,3.8499999046,2033,39,12,5.9025998116,14209,0.7515000105,12,3,9.5,1,19,12.7089748383,0.6361534595,361
"162",1,993,0,2,37,16,5.035200119,8.3000001907,2739,39,17,9.8576002121,32300,0.5814999938,12,16,14,1,9,27.3000469208,1.61645329,81
"163",1,160,0,3,34,14,1.25,0,1626,38,14,11.6850004196,21400,0.7214999795,17,12,7.5,1,19,21.2000007629,0.2231435478,361
"164",1,105,1,0,43,16,2.8571000099,0,2248,44,17,6.2277998924,14700,0.7214999795,7,7,9.5,0,14,14.4000043869,1.0498070717,196
"165",1,1200,0,0,46,12,4.1167001724,4.3299999237,2140,48,12,9.1747999191,25516,0.6215000153,7,7,9.5,1,22,20.5759601593,1.4150519371,484
"166",1,450,0,3,35,9,1.777799964,2.5999999046,1985,42,12,6.2972002029,13300,0.7515000105,3,7,5,1,6,12.4999904633,0.5753766298,36
"167",1,996,0,0,46,17,13.5539999008,9.9799995422,1528,59,17,10.4709997177,31000,0.5814999938,12,12,9.5,1,23,17.5002155304,2.6066815853,529
"168",1,1052,0,0,46,14,4.5626997948,4.9000000954,1920,48,16,14.5830001831,48800,0.4914999902,7,3,11,1,15,44.000038147,1.5179145336,225
"169",1,1128,0,2,43,12,2.1277000904,2.4000000954,1918,46,10,6.2143001556,15519,0.7214999795,7,7,14,1,6,13.1189546585,0.7550415993,36
"170",1,1840,0,0,30,12,2.9890999794,3.75,2112,30,12,6.6287999153,19500,0.6915000081,7,7,7.5,0,11,14.0000562668,1.0949723721,121
"171",1,1910,0,2,41,11,2.5653998852,2.5699999332,2144,46,9,3.8245999813,14545,0.7214999795,3,7,5,0,2,9.6450862885,0.9421143532,4
"172",1,980,0,1,54,12,5.6121997833,5,1920,54,15,7.8125,22897,0.6915000081,7,7,14,1,22,17.3970451355,1.7249428034,484
"173",1,2317,0,1,31,12,2.8053998947,3.8699998856,2241,41,9,3.4806001186,14300,0.7214999795,10,10,7.5,1,10,7.7998886108,1.0315461159,100
"174",1,1089,0,0,44,10,1.6069999933,0,880,47,11,5.5500001907,14884,0.7515000105,10,10,9.5,1,14,13.1339769363,0.4743690789,196
"175",1,800,0,1,32,12,2.25,0,2070,31,16,11.5939998627,27400,0.6215000153,12,7,11,1,12,25.6000003815,0.8109301925,144
"176",1,1230,0,0,47,5,2.0325000286,2.8199999332,1050,53,5,9.5237998962,16400,0.7214999795,7,12,14,1,9,13.9000253677,0.709266603,81
"177",1,1158,0,1,46,17,5.5320000648,8.1000003815,2635,57,17,7.2804999352,25704,0.6215000153,14,17,7.5,0,13,19.2979431152,1.7105494738,169
"178",1,2272,0,0,37,11,1.5844999552,3.7100000381,3000,47,8,3,12800,0.7214999795,10,10,7.5,0,18,9.2000160217,0.4602688849,324
"179",1,528,0,2,51,12,3.787899971,0,2500,50,11,10.3999996185,40000,0.6215000153,7,7,7.5,0,8,37.9999885559,1.3318117857,64
"180",1,1000,0,1,49,12,3,0,1990,49,12,10.0500001907,47000,0.6614999771,7,7,14,1,11,44,1.0986123085,121
"181",1,520,0,4,36,14,8.6538000107,0,2390,37,13,8.7866001129,25872,0.6614999771,10,12,9.5,1,9,21.3720245361,2.1579985619,81
"182",1,760,0,1,39,11,4.2104997635,3.9500000477,1430,44,12,10.1400003433,26868,0.6915000081,12,7,9.5,1,9,23.6680202484,1.4375813007,81
"183",1,1920,0,2,48,12,4.6875,4.3000001907,1800,50,8,5,18000,0.6915000081,12,12,9.5,1,14,9,1.5448993444,196
"184",1,1220,0,2,38,14,4.098400116,4.8400001526,2103,43,17,11.8879995346,30200,0.5814999938,7,7,5,1,9,25.1999511719,1.4105967283,81
"185",1,200,0,2,40,12,25,3,1350,42,12,13.3330001831,26220,0.6614999771,7,7,7.5,1,2,21.2199993134,3.218875885,4
"186",1,2480,1,5,39,10,2.6331000328,4.1999998093,2880,36,17,8.6806001663,40500,0.5814999938,7,7,3,0,12,33.9699134827,0.968161881,144
"187",1,2750,0,0,37,16,6,9,2400,43,17,7.2916998863,33570,0.6100000143,12,7,7.5,1,15,17.0699996948,1.791759491,225
"188",1,2014,0,1,49,13,5.4126000404,4.0500001907,1135,47,12,3.5241999626,16917,0.7214999795,7,14,14,1,11,6.0160236359,1.6887295246,121
"189",1,1355,0,3,33,12,0.6642000079,1,2750,35,17,6.1817998886,18000,0.7214999795,12,7,9.5,0,7,17.1000099182,-0.4091719687,49
"190",1,80,0,0,30,12,1.25,0,2085,32,16,2.9755001068,8337,0.7515000105,12,12,11,1,9,8.2370004654,0.2231435478,81
"191",1,1670,0,0,54,12,2.2753999233,2.0999999046,2600,56,8,4.5769000053,17100,0.7214999795,12,7,9.5,0,19,13.3000822067,0.8221558332,361
"192",1,520,0,4,39,11,3.4614999294,3.0499999523,3542,40,12,3.1056001186,17800,0.7515000105,10,7,11,0,11,16.0000209808,1.2417019606,121
"193",1,288,0,3,43,12,4.1666998863,3,1975,43,12,5.8228001595,13740,0.7515000105,12,12,14,1,8,12.5399904251,1.4271243811,64
"194",1,2014,0,3,31,9,4.4686999321,4.2600002289,2400,32,12,7.5,27000,0.6215000153,10,3,9.5,1,13,18.000038147,1.4970974922,169
"195",1,800,0,3,33,13,1.75,0,3000,37,14,8.3332996368,32600,0.6215000153,12,7,7.5,1,4,31.2000007629,0.5596157908,16
"196",1,1984,0,3,40,12,3.6693999767,4.25,1960,39,14,9.2347002029,28030,0.6614999771,12,12,14,1,7,20.7499103546,1.3000282049,49
"197",1,1823,0,1,36,12,6.5826001167,6,2000,39,9,5.5,23100,0.6614999771,12,12,3,0,19,11.0999202728,1.8844298124,361
"198",1,1500,0,0,51,12,2.5999999046,2,3000,51,12,6,24580,0.6614999771,7,7,9.5,1,14,20.6800003052,0.9555113912,196
"199",1,2261,0,1,44,13,4.8650999069,5.5,2400,43,12,6.6666998863,29000,0.6215000153,12,7,9.5,1,14,18.0000095367,1.5820872784,196
"200",1,1728,0,3,42,16,5.7870001793,6.25,2450,48,14,13.0609998703,42430,0.5214999914,12,14,9.5,1,3,32.430065155,1.7556140423,9
"201",1,1960,0,1,40,12,4.5408000946,5,2423,40,8,12.7939996719,41800,0.5214999914,12,12,7.5,1,9,32.9000320435,1.5131032467,81
"202",1,1578,1,1,34,16,9.5057001114,7.7199997902,2000,33,16,12,39100,0.5799999833,12,17,9.5,1,7,24.1000061035,2.251891613,49
"203",1,1316,0,0,30,17,10.6379995346,7,2526,41,16,6.7300000191,31800,0.5814999938,16,17,11,1,7,17.8003921509,2.3644323349,49
"204",1,1530,0,0,54,12,1.1110999584,1.1299999952,2695,53,12,6.6789999008,22200,0.6915000081,7,7,14,0,14,20.5000171661,0.1053504795,196
"205",1,2220,0,0,51,12,4.0541000366,4.3699998856,2048,54,12,4.3944997787,19500,0.6915000081,16,7,3,0,29,10.4998979568,1.399728775,841
"206",1,1336,0,2,44,9,2.6870999336,2.6400001049,1920,46,11,4.6875,14027,0.7515000105,7,10,11,0,19,10.4370346069,0.9884625077,361
"207",1,1008,0,1,43,12,2.9762001038,2.5,2338,42,9,7.6989002228,21195,0.6614999771,7,7,11,1,14,18.1949901581,1.0906473398,196
"208",1,1944,0,1,34,12,3.1728000641,3.2300000191,2945,37,8,4.3287000656,19013,0.6915000081,10,7,7.5,0,16,12.845076561,1.1546144485,256
"209",1,2000,0,0,45,13,3.5499999523,3.4500000477,2047,52,12,6.7416000366,20900,0.6614999771,12,7,11,1,10,13.8000001907,1.2669476271,100
"210",1,258,0,0,39,12,17.906999588,0,1668,47,7,9.3524999619,26820,0.6215000153,10,3,11,0,12,22.1999950409,2.885191679,144
"211",1,1785,0,0,50,12,3.4173998833,5.75,175,48,10,9.1429004669,12800,0.7515000105,0,0,14,1,24,6.6999411583,1.2288800478,576
"212",1,480,0,0,52,12,3.3333001137,0,1798,53,12,2.6417999268,7850,0.7515000105,7,7,14,0,6,6.2500157356,1.2039628029,36
"213",1,772,0,2,41,12,3.885999918,7.5,1222,45,12,7.3649997711,18600,0.7214999795,12,12,7.5,1,9,15.6000080109,1.357380271,81
"214",1,900,0,0,59,10,2.3111000061,2.2200000286,1820,59,7,1.4065999985,5380,0.7714999914,12,7,5,0,14,3.3000099659,0.8377236128,196
"215",1,1428,0,0,52,12,1.7108000517,2.5,1560,60,8,1.5191999674,6114,0.7714999914,10,7,14,0,26,3.6709775925,0.5369611382,676
"216",1,210,0,0,46,16,2.1143000126,4,2210,49,12,3.3438999653,8234,0.7515000105,12,12,14,0,7,7.7899971008,0.748723805,49
"217",1,239,1,5,41,12,9.9330997467,4.5,2874,48,16,2.910599947,20646,0.7214999795,3,7,11,1,4,18.2719898224,2.2958726883,16
"218",1,1878,0,2,33,11,3.0276999474,3.5,2499,35,8,4.3833999634,16640,0.7214999795,7,7,9.5,0,15,10.9539794922,1.1078032255,225
"219",1,215,0,0,45,12,1.8604999781,2.2999999523,3088,38,12,4.2097997665,13900,0.7214999795,12,12,5,1,23,13.4999923706,0.6208452582,529
"220",1,2340,1,2,36,10,0.1281999946,0,2020,37,8,3.7128999233,11500,0.7814999819,10,7,7.5,0,1,11.200012207,-2.0541636944,1
"221",1,1960,0,1,48,12,6.6326999664,6.3000001907,1980,56,10,10.6059999466,34000,0.5515000224,7,7,14,1,29,20.9999084473,1.8920120001,841
"222",1,532,0,1,47,12,5.6391000748,3.5999999046,1968,47,11,8.6381998062,28700,0.6614999771,7,3,11,1,9,25.6999988556,1.7297245264,81
"223",1,394,0,0,45,12,1.5989999771,2.5,2100,45,12,3.8366999626,9563,0.7515000105,7,7,7.5,0,6,8.9329938889,0.4693784118,36
"224",1,675,0,2,37,12,2.6666998863,3,2651,48,17,7.1670999527,20960,0.6915000081,7,7,7.5,0,11,19.1599769592,0.9808416963,121
"225",1,1515,0,4,46,16,7.920800209,6.8000001907,1918,49,14,8.8634004593,38590,0.6215000153,12,10,14,1,17,26.5899868011,2.0694923401,289
"226",1,1030,0,3,43,17,5.339799881,5.8000001907,2585,46,16,7.7368998528,27900,0.6614999771,12,12,5,1,6,22.4000053406,1.6751881838,36
"227",1,1250,0,2,42,12,4,4,2250,46,17,9.1702003479,25633,0.6215000153,7,7,7.5,1,7,20.6329994202,1.3862943649,49
"228",1,1158,1,2,34,17,6.0448999405,5.0999999046,2480,39,17,11.2899999619,35200,0.5515000224,12,12,7.5,1,2,28.200006485,1.7992149591,4
"229",1,112,0,0,52,12,6.25,0,2924,53,12,6.3269000053,29500,0.5814999938,7,7,7.5,1,24,28.7999992371,1.8325815201,576
"230",1,336,0,3,37,12,2.9762001038,2.2000000477,1896,52,9,4.7467999458,10000,0.7515000105,10,7,7.5,0,4,8.999997139,1.0906473398,16
"231",1,1984,0,1,37,12,4.2339000702,4.7800002098,2332,40,12,4.8885002136,19800,0.6915000081,10,7,5,0,11,11.3999423981,1.443123579,121
"232",1,716,0,0,52,8,3.4916000366,2.2000000477,3482,59,7,2.4842000008,12900,0.7214999795,7,7,5,0,25,10.4000139236,1.2503601313,625
"233",1,1410,1,0,30,12,4.9644999504,1.2799999714,2106,30,14,8.5469999313,26080,0.6215000153,12,12,7.5,0,11,19.0800552368,1.6023125648,121
"234",1,1300,0,1,31,13,2.7692000866,0,1160,32,12,6.6378998756,13066,0.7515000105,17,7,11,1,2,9.4660396576,1.0185585022,4
"235",1,1640,0,1,38,12,3.6584999561,3.25,2040,46,12,3.1863000393,12500,0.7214999795,7,7,7.5,0,19,6.5000600815,1.2970532179,361
"236",1,1202,0,3,43,12,5.3934998512,0,2856,48,16,4.546599865,35600,0.5814999938,7,7,9,1,7,29.1170139313,1.6851944923,49
"237",1,489,0,1,49,8,0.6564000249,2.2899999619,950,51,8,12.7889995575,19424,0.7515000105,7,7,5,1,2,19.1030197144,-0.420984894,4
"238",1,2076,0,0,55,12,4.7687997818,4.6799998283,2068,58,10,6.5279998779,26250,0.6614999771,7,7,5,1,20,16.3499717712,1.5620946884,400
"239",1,526,0,2,38,17,8.555100441,4.1999998093,1896,42,17,16.4029998779,36525,0.5515000224,12,14,9.5,1,10,32.0250167847,2.1465275288,100
"240",1,1721,0,0,52,17,10.4589996338,9.5,2000,56,16,7,34700,0.6100000143,14,17,14,1,19,16.7000617981,2.3474628925,361
"241",1,1327,0,0,48,12,2.6375000477,2.5699999332,288,51,11,13.5419998169,8311,0.7515000105,7,7,11,1,17,4.8110375404,0.9698315263,289
"242",1,584,0,2,32,13,6.8492999077,4.3200001717,2160,33,12,6.7129998207,28626,0.6915000081,12,10,11,1,12,24.6260089874,1.9241464138,144
"243",1,1376,0,1,32,12,5.0872001648,5,3120,33,17,5.4486999512,24400,0.6614999771,7,7,5,1,11,17.40001297,1.626727581,121
"244",1,1040,0,2,38,12,0.961499989,0,1944,41,17,6.6872000694,14025,0.7214999795,7,7,7.5,1,6,13.0250396729,-0.0392607264,36
"245",1,548,0,3,46,12,4.3066000938,3.6900000572,2046,47,12,9.0943002701,21367,0.6915000081,16,12,14,1,10,19.0069828033,1.4601486921,100
"246",1,15,0,3,40,12,7.0666999817,0,2005,42,9,6.5336999893,14136,0.7515000105,7,7,7.5,0,4,14.029999733,1.9553935528,16
"247",1,1980,0,4,31,9,2.5253000259,2.5599999428,2070,36,10,4.6859998703,19900,0.7515000105,10,7,5,1,2,14.8999061584,0.9263598919,4
"248",1,1520,0,1,43,10,7.8947000504,5,3000,50,12,8,37000,0.5214999914,12,9,9.5,1,13,25.0000553131,2.0661916733,169
"249",1,1880,0,0,51,12,4.148900032,3.9000000954,2640,51,12,4.0529999733,18500,0.6915000081,7,7,7.5,0,21,10.7000675201,1.4228432178,441
"250",1,1260,1,0,30,16,8.1745996475,8.1700000763,2450,34,17,8.1632995605,34550,0.5515000224,16,14,5,1,9,24.2500038147,2.1010317802,81
"251",1,1092,0,0,52,13,9.5971002579,0,1000,53,15,16.5,49620,0.461499989,10,7,11,1,4,39.1399650574,2.2614610195,16
"252",1,1587,1,5,30,8,2.0164000988,2.2999999523,2080,33,8,3.4614999294,10400,0.7814999819,3,3,7.5,0,2,7.1999731064,0.7013137937,4
"253",1,156,0,0,51,16,7.6217999458,0,2413,51,16,11.361000061,33000,0.5515000224,16,16,11,1,19,31.8109989166,2.0310125351,361
"254",1,1939,0,2,31,13,3.1974999905,3.4300000668,2570,31,12,3.8910999298,16200,0.7214999795,7,3,7.5,1,4,10.0000476837,1.1623692513,16
"255",1,1250,0,4,34,12,1.6000000238,1.3600000143,2030,52,12,9.6058998108,22660,0.6915000081,12,16,7.5,1,9,20.6599998474,0.4700036347,81
"256",1,610,0,0,49,11,4.098400116,4,4684,59,17,2.6686999798,16000,0.7214999795,7,7,7.5,1,14,13.4999761581,1.4105967283,196
"257",1,270,1,3,35,13,1.4815000296,5,2802,41,17,8.8865003586,25780,0.6614999771,7,16,9.5,1,6,25.3799953461,0.3930551112,36
"258",1,660,1,0,53,12,3.6363999844,3.1500000954,2090,59,12,6.3635997772,20675,0.7214999795,7,12,7.5,1,24,18.2749767303,1.2909941673,576
"259",1,1000,0,3,32,12,1,0,2053,46,16,17.7280006409,40213,0.5515000224,12,7,11,0,1,39.2130012512,0,1
"260",1,1920,0,3,38,10,2.6041998863,2.9300000668,1984,42,10,5.2923002243,15500,0.7214999795,12,7,7.5,1,13,10.4999361038,0.9571254849,169
"261",1,200,0,0,54,12,1.75,0,2040,54,16,15.6859998703,35207,0.5814999938,7,12,9.5,1,3,34.8569984436,0.5596157908,9
"262",1,1500,0,1,47,17,4.8000001907,3.5999999046,2794,58,8,5.2423000336,35702,0.5515000224,10,12,11,1,10,28.5019989014,1.5686159134,100
"263",1,868,0,1,45,15,5.5300002098,6,3290,47,14,3.0394999981,17800,0.7214999795,14,12,9.5,1,16,12.9999599457,1.710187912,256
"264",1,2318,0,1,47,16,4.098400116,4.1999998093,1911,46,16,16.7450008392,50900,0.4914999902,16,16,5,1,9,41.3999099731,1.4105967283,81
"265",1,2000,0,0,59,10,1.25,0,2000,60,12,3.75,17280,0.6915000081,7,7,5,0,19,14.779999733,0.2231435478,361
"266",1,60,0,1,32,11,1.6667000055,0,2580,31,12,5.8140001297,15150,0.7214999795,10,9,5,1,4,15.0499982834,0.5108456016,16
"267",1,1715,0,1,45,12,3.7901000977,3.3800001144,2400,49,17,10.8330001831,36200,0.5814999938,7,7,7.5,1,10,29.6999778748,1.3323924541,100
"268",1,550,0,4,40,12,2.3636000156,2.2599999905,1740,47,12,9.0029001236,17465,0.7214999795,14,12,5,1,5,16.165019989,0.8601858616,25
"269",1,1960,0,2,47,14,10.204000473,0,2500,50,12,6.5399999619,45205,0.6100000143,14,12,3,1,7,25.2051582336,2.3227798939,49
"270",1,44,1,2,36,16,6.8182001114,1.3600000143,1840,37,17,5.9783000946,14500,0.7515000105,12,10,5,0,3,14.1999988556,1.91959548,9
"271",1,1920,0,0,56,14,7.2146000862,6.9200000763,2036,56,14,8.6247997284,32011,0.5814999938,7,7,7.5,0,38,18.1589679718,1.9761067629,1444
"272",1,2540,0,1,41,8,2.4484000206,0,3536,43,11,4.8329000473,35200,0.6215000153,7,12,9.5,0,16,28.9810638428,0.8954347372,256
"273",1,156,0,3,48,7,1.1986999512,0,880,51,11,10.9090003967,13579,0.7515000105,3,7,11,0,13,13.3920030594,0.1812375933,169
"274",1,780,1,2,36,12,1.6410000324,0,2007,38,12,3.8863999844,10455,0.7515000105,7,7,11,0,1,9.1750202179,0.4953058362,1
"275",1,3120,0,0,41,12,1.7820999622,0,2632,44,13,8.457400322,32600,0.5515000224,7,3,5,0,7,27.0398483276,0.5777924061,49
"276",1,2040,0,0,41,14,2.9412000179,2.7999999523,2600,43,12,5,19150,0.6915000081,7,10,11,1,15,13.1499519348,1.0788177252,225
"277",1,1610,0,3,36,12,4.9689002037,4.25,2156,36,13,7.4211997986,24400,0.6614999771,12,17,9.5,1,10,16.4000701904,1.6031985283,100
"278",1,215,0,3,37,12,1.8604999781,0,3625,41,12,4.4938001633,21700,0.6915000081,10,7,3,0,2,21.2999916077,0.6208452582,4
"279",1,1120,0,0,38,12,8.0356998444,0,2420,42,12,7.0251998901,26201,0.6215000153,7,3,9.5,1,19,17.2010154724,2.0838940144,361
"280",1,846,0,2,43,14,3.9716000557,4.1999998093,2080,43,9,3.2788000107,11920,0.7515000105,3,3,7.5,1,25,8.5600261688,1.3791691065,625
"281",1,3225,0,0,54,16,3.0415999889,0,3443,59,17,1.2861000299,16300,0.7214999795,12,12,9.5,1,25,6.4908399582,1.1123837233,625
"282",1,1376,0,1,38,12,2.9070000648,3.75,2250,41,12,5.5556001663,16500,0.7214999795,7,7,5,1,7,12.4999675751,1.0671216249,49
"283",1,980,1,0,30,12,3.0611999035,3.5999999046,2535,34,16,7.4951000214,30000,0.5814999938,12,7,11,1,15,27.0000247955,1.1188069582,225
"284",1,1838,0,0,49,12,4.8965997696,5,2352,48,15,22.1089992523,62500,0.4415000081,7,7,9.5,1,11,53.5000495911,1.5885410309,121
"285",1,1494,0,1,45,13,4.0160999298,2.5,3036,49,6,9.0579996109,58500,0.4415000081,10,10,9.5,1,25,52.4999465942,1.3903112411,625
"286",1,450,0,0,51,13,5.5556001663,3.5,2600,57,14,11.5380001068,40900,0.5214999914,7,7,9.5,1,19,38.3999786377,1.7148064375,361
"287",1,1976,0,0,34,10,1.2226999998,2.4500000477,2223,39,7,6.0468001366,16308,0.6915000081,0,10,7.5,1,4,13.8919448853,0.2010615319,16
"288",1,2012,0,2,34,12,2.6839001179,3.6099998951,2666,34,10,1.3653000593,9300,0.7515000105,7,7,7.5,1,14,3.8999929428,0.9872710109,196
"289",1,561,0,1,41,12,2.6737999916,3.25,2006,41,17,16.5499992371,35700,0.5515000224,10,9,7.5,1,19,34.1999969482,0.9835006595,361
"290",1,1715,0,1,49,12,9.3294000626,7.0500001907,1710,49,17,8.771900177,35700,0.6399999857,9,9,11,1,18,19.7000789642,2.2331707478,324
"291",1,1912,0,0,32,12,3.1380999088,3.5999999046,1920,46,14,9.6353998184,24500,0.6614999771,12,12,5,1,14,18.4999523163,1.1436175108,196
"292",1,3686,0,0,32,14,0.5425999761,0,1647,39,14,6.678800106,13000,0.7214999795,12,12,7.5,1,11,10.9999761581,-0.6113829017,121
"293",1,1080,0,2,32,17,8.6111001968,4.6500000954,3080,35,15,7.5727000237,52600,0.4415000081,12,12,5,0,4,43.3000106812,2.1530520916,16
"294",1,1799,0,0,47,10,3.6686999798,3.25,1920,48,10,7.8125,25360,0.6614999771,3,7,7.5,1,29,18.7600078583,1.2998373508,841
"295",1,1984,0,1,39,9,2.318500042,2.2999999523,2420,47,4,1.9835000038,9400,0.7515000105,9,9,7.5,0,21,4.800096035,0.8409204483,441
"296",1,1839,0,0,49,12,2.8819999695,3.2699999809,2205,53,15,9.5237998962,26800,0.6215000153,12,12,11,1,24,21.5000019073,1.0584844351,576
"297",1,1579,0,3,37,12,3.1665999889,0,3035,39,14,6.4250001907,33040,0.6614999771,12,7,7.5,1,19,28.039937973,1.1526584625,361
"298",1,96,0,0,59,16,3.6458001137,0,2185,60,15,10.984000206,26350,0.6215000153,14,12,7.5,1,31,26.0000038147,1.2935758829,961
"299",1,1920,0,0,50,12,6.25,5.4699997902,1880,56,12,12.765999794,39000,0.5214999914,7,7,14,1,28,27,1.8325815201,784
"300",1,1688,0,1,32,17,10.2489995956,9.8000001907,1863,33,17,9.5544996262,35100,0.6100000143,12,12,9.5,1,15,17.7996883392,2.3271801472,225
"301",1,1589,0,0,46,12,3.2095999718,5.5399999619,2456,48,16,5.49669981,22502,0.6614999771,12,12,11,0,27,17.4019451141,1.1661462784,729
"302",1,345,0,2,43,17,7.652200222,5,1847,46,17,9.7617998123,21950,0.6915000081,12,14,14,0,13,19.3099918365,2.0349931717,169
"303",1,1521,0,3,37,11,1.97239995,2.2999999523,2000,42,6,5,13000,0.7515000105,7,7,7.5,0,4,9.9999799728,0.6792510748,16
"304",1,1490,0,2,32,16,4.6979999542,3.9000000954,1856,35,14,5.9994997978,18180,0.7214999795,12,14,9,1,10,11.179980278,1.5471369028,100
"305",1,989,0,1,39,11,2.1233999729,2.7599999905,1880,43,14,6.914899826,20957,0.6915000081,10,10,9,1,8,18.8569564819,0.753018558,64
"306",1,600,0,2,34,13,2.3333001137,2.9000000954,3020,35,12,4.9668998718,13700,0.7214999795,12,12,7.5,0,4,12.3000202179,0.8472836018,16
"307",1,2646,0,1,39,11,2.3896000385,0,2646,41,8,2.3896000385,20000,0.6915000081,7,7,5,1,18,13.6771183014,0.8711259961,324
"308",1,2149,0,3,45,8,1.2563999891,2.5,1640,48,9,4.5121998787,12260,0.7515000105,7,7,5,1,3,9.5599966049,0.2282504737,9
"309",1,320,0,0,50,11,1.0937999487,0,1950,54,11,9.230799675,24850,0.6614999771,3,12,7.5,1,11,24.4999847412,0.0896578282,121
"310",1,1600,0,1,40,12,3.75,3.2999999523,1920,39,12,11.4580001831,29150,0.5814999938,12,7,7.5,1,8,23.1499996185,1.3217558861,64
"311",1,2419,0,1,30,10,3.307199955,3.9000000954,2025,34,12,7.6992998123,23591,0.6614999771,7,7,11,1,10,15.590883255,1.1961019039,100
"312",1,2005,0,0,57,17,5.1352000237,5.25,2470,56,17,4.1830000877,24717,0.6614999771,16,12,11,1,33,14.4209241867,1.6361187696,1089
"313",1,1960,0,1,39,12,6.6326999664,3.5999999046,1800,43,12,8.3332996368,30455,0.6215000153,12,12,9,1,19,17.454908371,1.8920120001,361
"314",1,2147,0,0,53,12,4.564499855,4.9000000954,1920,56,8,5.1041998863,19600,0.6915000081,12,12,7.5,1,35,9.8000192642,1.5183089972,1225
"315",1,1207,0,1,48,17,11.8479995728,7.1500000954,2039,53,17,8.2271003723,31875,0.6399999857,7,12,5,1,21,17.574464798,2.4721591473,441
"316",1,2000,0,1,46,14,3.75,3.75,2570,48,16,5.6634001732,24055,0.6614999771,14,14,7.5,0,7,16.5550003052,1.3217558861,49
"317",1,1260,0,0,47,12,4.3650999069,4.3499999046,1914,54,12,5.2220001221,18795,0.7214999795,7,10,7.5,0,18,13.2949743271,1.4736410379,324
"318",1,90,0,1,43,12,3.9333000183,4,1516,47,10,7.1900000572,12198,0.7515000105,7,7,7.5,0,4,11.8440027237,1.3694788218,16
"319",1,1800,0,0,47,12,3.3333001137,3.25,2520,47,16,13.906999588,52645,0.4914999902,12,7,7.5,1,12,46.6450614929,1.2039628029,144
"320",1,573,0,1,47,12,3.3159000874,2.2000000477,2327,48,12,6.0163002014,16600,0.7214999795,10,7,14,0,16,14.6999893188,1.1987291574,256
"321",1,1825,0,0,47,12,3.5615999699,3,2188,50,12,7.6781997681,32590,0.6215000153,7,7,7.5,1,14,26.0900802612,1.2702099085,196
"322",1,75,0,0,46,12,1.6000000238,0,1864,48,12,5.3112001419,10020,0.7515000105,3,7,7.5,1,3,9.8999996185,0.4700036347,9
"323",1,1348,0,4,34,9,2.2255001068,2.2999999523,2183,33,10,4.1227998734,12048,0.7515000105,7,7,11,0,1,9.0480260849,0.7999816537,1
"324",1,1880,0,0,48,10,4.7871999741,4.25,1920,55,12,7.8125,39750,0.6215000153,7,7,11,0,27,30.7500648499,1.5659456253,729
"325",1,1240,0,1,30,12,5.806499958,6.9000000954,1824,31,12,4.6052999496,15700,0.7214999795,10,7,7.5,1,12,8.4999399185,1.7589780092,144
"326",1,848,0,1,51,12,2.3585000038,2.2999999523,2878,54,12,3.9746000767,24250,0.6614999771,7,7,3,0,6,22.2499923706,0.8580258489,36
"327",1,150,0,5,52,12,2,0,2390,54,16,15.0629997253,43210,0.5214999914,7,12,14,1,9,42.9099998474,0.6931471825,81
"328",1,2000,0,2,37,12,1.8999999762,1.8500000238,3120,39,13,4.5064001083,37100,0.6215000153,12,12,5,0,2,33.2999992371,0.641853869,4
"329",1,1952,0,2,32,12,5.123000145,3.25,2040,33,12,5.8824000359,23820,0.6614999771,12,7,5,0,6,13.8199033737,1.6337401867,36
"330",1,1456,0,2,36,17,5.4945001602,6.0399999619,2151,35,15,10.2279996872,31600,0.5814999938,12,14,5,1,9,23.6000080109,1.7037476301,81
"331",1,1740,0,2,35,12,6.3218002319,5.5,1976,37,14,6.5788998604,24000,0.6614999771,10,10,7.5,1,16,13.0000677109,1.844004035,256
"332",1,1400,0,0,45,17,7.1428999901,7.1399998665,2286,51,16,8.814499855,30750,0.5814999938,14,12,5,0,22,20.7499408722,1.9661188126,484
"333",1,2000,0,0,56,12,2.375,2.7000000477,2032,60,10,2.9528000355,11050,0.7515000105,7,7,14,0,26,6.3000001907,0.8649974465,676
"334",1,1750,0,2,40,10,2.5429000854,2.7400000095,1680,45,4,4.5173001289,12239,0.7515000105,7,7,14,0,11,7.7889246941,0.9333052039,121
"335",1,1101,1,2,45,12,2.1798000336,2.2999999523,1560,49,14,5.1282000542,12870,0.7515000105,14,12,7.5,1,11,10.4700403214,0.7792331576,121
"336",1,2000,0,2,32,12,2.5999999046,2.5,2895,30,12,4.1451001167,17200,0.7214999795,10,7,7.5,0,15,12,0.9555113912,225
"337",1,1877,0,0,45,12,3.7293999195,3.5999999046,1820,50,8,8.7911996841,23980,0.6614999771,10,10,7.5,0,13,16.9799156189,1.316247344,169
"338",1,160,0,2,40,12,4.375,1.8500000238,2450,44,12,7.3060998917,18600,0.6915000081,7,12,14,1,6,17.8999996185,1.4759064913,36
"339",1,1886,0,1,38,12,4.4432997704,4,1748,42,8,6.0068998337,23920,0.6915000081,7,10,9.5,1,20,15.5399370193,1.4913972616,400
"340",1,1446,0,4,49,12,4.2877001762,4.4000000954,1020,45,12,8.3332996368,16084,0.7515000105,7,7,14,1,17,9.8839855194,1.4557504654,289
"341",1,1500,0,1,47,16,1.6667000055,1.5,2342,49,17,11.5290002823,31100,0.5814999938,14,14,11,1,8,28.5999507904,0.5108456016,64
"342",1,860,0,0,52,13,3.2558000088,5.8299999237,2250,53,12,6.6666998863,20460,0.6614999771,7,7,11,1,13,17.6600112915,1.1804380417,169
"343",1,1848,0,1,34,13,5.4113001823,6,2880,40,16,8.6806001663,36000,0.5515000224,12,12,7.5,1,15,25.999917984,1.6884894371,225
"344",1,1678,0,2,44,12,2.2049999237,2.2999999523,2032,46,12,3.4679999352,17302,0.7214999795,14,12,3,0,14,13.6020097733,0.7907274961,196
"345",1,160,0,3,36,16,4.0625,0,3120,42,16,3.0320999622,16450,0.7214999795,14,7,3,0,14,15.8000001907,1.4017986059,196
"346",1,108,0,0,50,17,0.6481999755,0,1760,57,16,13.8070001602,41170,0.5814999938,14,16,9.5,1,6,41.0999946594,-0.4335560203,36
"347",1,1738,0,0,45,12,5.3825998306,6.1799998283,1725,47,12,6.217400074,20130,0.6614999771,0,0,7.5,1,24,10.7750415802,1.6831715107,576
"348",1,1170,0,2,44,14,0.1709000021,0,2080,46,13,4.2308001518,9200,0.7515000105,16,12,9.5,1,10,9.00004673,-1.7666766644,100
"349",1,15,0,2,57,12,23.466999054,0,2040,57,10,11.470000267,24751,0.6614999771,7,7,11,1,2,24.3989944458,3.1555950642,4
"350",1,2088,0,0,35,17,9.578499794,9.9799995422,2940,42,17,12.2449998856,57300,0.5,12,17,9.5,1,9,37.3000907898,2.2595210075,81
"351",1,2490,0,0,46,12,3.6947999001,3.7699999809,2280,52,12,9.2104997635,37200,0.5814999938,7,7,7.5,1,23,27.9999485016,1.3069263697,529
"352",1,135,2,1,30,14,2.2221999168,0,2164,35,16,6.3309001923,14000,0.7214999795,10,12,14,1,12,13.7000026703,0.7984976768,144
"353",1,1944,0,3,42,12,1.7489999533,2.2999999523,1999,44,12,7.803899765,20610,0.6915000081,7,3,14,0,8,17.2099437714,0.5590441823,64
"354",1,690,0,1,34,12,1.1593999863,2.25,1824,36,13,7.6753997803,14800,0.7214999795,10,7,7.5,1,16,14.0000143051,0.1479026228,256
"355",1,608,0,2,45,17,6.9900999069,3,2182,47,16,15.5819997787,40005,0.5515000224,10,14,14,1,10,35.7550201416,1.9444948435,100
"356",1,63,1,2,35,16,3.9683001041,0,2385,37,16,9.6436004639,23750,0.6614999771,14,7,14,1,7,23.4999961853,1.3783378601,49
"357",1,154,0,0,40,16,21.4290008545,8.1300001144,2460,44,17,12.8859996796,35300,0.5515000224,7,12,14,1,19,31.9999332428,3.0647451878,361
"358",1,420,0,1,32,12,0.4762000144,2.8499999046,2595,35,16,6.5510997772,17350,0.6915000081,12,12,7.5,1,2,17.1499958038,-0.7419173121,4
"359",1,651,0,0,54,9,2.1505000591,1.4400000572,2400,57,10,8.25,21650,0.6614999771,7,7,7.5,1,9,20.2500247955,0.7657003999,81
"360",1,675,0,3,38,12,1.8578000069,2.2000000477,3120,42,8,1.3791999817,6740,0.7914999723,7,7,14,0,14,5.4859848022,0.6193929911,196
"361",1,1663,0,3,43,12,4.3295001984,3.5999999046,2850,42,12,5.2631998062,32275,0.6915000081,12,14,5,1,9,25.0750408173,1.465452075,81
"362",1,1680,0,0,54,16,8.9286003113,7,760,60,12,10.5260000229,33220,0.7200000286,14,7,9.5,1,16,18.2199516296,2.1892595291,256
"363",1,180,0,3,39,14,2.7778000832,4,2500,37,17,10,26500,0.6215000153,12,12,7.5,1,7,25.9999961853,1.021659255,49
"364",1,1581,0,1,37,12,2.6565001011,3.25,2630,39,14,12.5480003357,38700,0.5214999914,7,12,5,1,6,34.5000724792,0.9770094752,36
"365",1,1200,0,2,46,12,2.5,3.0799999237,2597,48,8,4.6206998825,15400,0.7214999795,7,7,5,1,22,12.3999996185,0.91629076,484
"366",1,450,0,0,56,11,18.2670001984,0,2760,60,11,1.8539999723,19007,0.6915000081,7,7,3,0,9,10.7868499756,2.9050960541,81
"367",1,547,0,3,41,12,0.8190000057,2,2070,44,8,7.4265999794,16771,0.7214999795,12,7,7.5,0,9,16.3230075836,-0.199671194,81
"368",1,300,0,1,45,16,2,0,2256,48,16,13.2980003357,31100,0.5814999938,16,7,11,1,14,30.5,0.6931471825,196
"369",1,975,0,1,44,17,15.3850002289,8.5,1505,47,16,26.577999115,66300,0.5,3,3,7.5,1,17,51.2996253967,2.7333929539,289
"370",1,1621,0,1,50,17,6.4774999619,0,2364,52,17,13.9589996338,43550,0.4914999902,16,12,5,0,12,33.0499725342,1.868334651,144
"371",1,300,0,5,37,14,8.3332996368,3.5,2895,38,14,13.1260004044,37250,0.6215000153,7,7,11,0,13,34.7500114441,2.1202595234,169
"372",1,1868,0,1,44,12,4.5503001213,4.25,2041,46,12,7.888299942,24900,0.6614999771,16,7,14,0,8,16.4000396729,1.515193224,64
"373",1,1803,0,2,32,14,2.4958000183,1.8999999762,2195,34,17,8.6560001373,24200,0.6614999771,7,14,9.5,1,10,19.7000732422,0.914609313,100
"374",1,2143,1,1,34,12,4.4797000885,4.8000001907,1935,40,12,3.410900116,16200,0.7214999795,10,10,14,0,16,6.6000027657,1.4995560646,256
"375",1,1080,0,2,32,10,2.2323999405,2.2999999523,1950,35,10,4.6255998611,11431,0.7515000105,10,10,7.5,0,1,9.0200080872,0.8030772209,1
"376",1,1352,0,3,37,12,2.0710000992,1.7999999523,2375,38,14,4.2104997635,13200,0.7515000105,10,10,11,0,6,10.4000082016,0.7280316353,36
"377",1,537,0,1,44,13,1.675999999,0,1920,55,8,4.2708001137,15420,0.7714999914,10,10,9,1,4,14.51998806,0.5164099932,16
"378",1,352,0,2,34,16,3.4091000557,0,3300,33,12,3.342400074,18400,0.6915000081,12,12,14,0,8,17.1999969482,1.2264482975,64
"379",1,200,1,3,33,12,2.5,8,3680,33,16,8.6358995438,43500,0.4914999902,10,3,5,1,4,43,0.91629076,16
"380",1,2045,0,3,43,7,3.9609000683,4.0700001717,1968,43,12,6.7581000328,21972,0.6915000081,7,7,7.5,1,15,13.8719596863,1.3764712811,225
"381",1,1253,0,2,35,16,6.2274999619,3.9700000286,2504,33,10,0.5842999816,7774,0.7714999914,16,16,11,0,7,-0.0290574525,1.8289749622,49
"382",1,1960,0,1,43,14,3.9286000729,3.8499999046,2000,45,14,5.3350000381,24470,0.6915000081,7,7,7.5,0,14,16.7699432373,1.3682831526,196
"383",1,2000,0,0,34,12,2.9000000954,2.5,1656,37,12,4.710100174,13600,0.7214999795,7,7,7.5,0,16,7.7999997139,1.0647107363,256
"384",1,1960,0,3,36,10,4.0816001892,4.5500001907,1968,39,7,4.9797000885,22500,0.7214999795,7,0,7.5,0,15,14.5000638962,1.4064891338,225
"385",1,2000,0,2,41,12,2.8499999046,4.1999998093,2016,41,12,2.9762001038,13600,0.7214999795,7,7,14,0,23,7.9000000954,1.0473189354,529
"386",1,1568,0,0,41,16,7.0152997971,6.3099999428,2602,44,17,12.7440004349,90800,0.4415000081,7,7,7.5,0,19,79.8000106812,1.9480934143,361
"387",1,1225,0,3,35,10,2.9388000965,2.4000000954,1560,43,9,3.8461999893,10776,0.7515000105,10,10,7.5,0,4,7.1759700775,1.07800138,16
"388",1,780,1,3,32,12,1.9230999947,3.25,1827,37,10,7.2232999802,19007,0.7515000105,10,7,5,1,12,17.5069828033,0.6539384723,144
"389",1,480,0,0,30,14,6.875,0,2080,34,14,8.8077001572,23900,0.6614999771,12,12,14,1,12,20.6000003815,1.9278916121,144
"390",1,1923,0,0,43,12,3.9001998901,4.7399997711,3390,47,12,5.3864002228,26060,0.6215000153,7,7,7.5,1,25,18.5599155426,1.3610278368,625
"391",1,2000,0,0,54,6,2,0,2524,57,6,3.6846001148,13300,0.7214999795,7,7,7.5,0,14,9.3000001907,0.6931471825,196
"392",1,2110,0,2,35,15,4.9762997627,4.3699998856,2777,34,12,1.8437000513,15620,0.7214999795,7,7,7.5,0,14,5.120007515,1.6046866179,196
"393",1,1664,0,0,50,12,1.2019000053,5,3120,54,13,1.3013000488,16500,0.7214999795,7,7,7.5,0,11,14.500038147,0.1839036494,121
"394",1,48,1,1,34,17,22.5,0,2700,36,17,7.2221999168,20880,0.6915000081,14,16,5,1,7,19.7999992371,3.113515377,49
"395",1,1791,0,0,52,14,6.8677000999,6.1799998283,1904,57,12,7.3529000282,30600,0.6614999771,14,12,9.5,1,18,18.299949646,1.9268292189,324
"396",1,1404,0,3,35,13,3.5613000393,5.3000001907,2360,38,14,11.8640003204,39000,0.6215000153,7,10,9,1,4,33.9999351501,1.2701256275,16
"397",1,1920,0,0,55,6,1.9792000055,2.5799999237,1960,58,8,5.3326997757,15428,0.7214999795,7,7,7.5,0,37,11.6279363632,0.6826927066,1369
"398",1,2141,0,0,35,16,5.3713002205,6,2000,42,16,5.5,23300,0.6614999771,7,7,7.5,0,13,11.8000459671,1.6810699701,169
"399",1,1720,0,1,49,14,1.7441999912,0,2600,45,16,7.2308001518,42100,0.5214999914,16,16,9.5,1,14,39.0999755859,0.5562959909,196
"400",1,3533,2,2,38,15,5.0947999954,8.5,2000,38,9,7,36430,0.6399999857,12,7,9.5,1,17,18.4300708771,1.628220439,289
"401",1,2000,0,2,42,14,2.5,0,2218,45,14,7.2136998177,26000,0.6915000081,7,7,9.5,1,5,21,0.91629076,25
"402",1,800,0,1,48,8,3.8250000477,2.2999999523,2000,52,5,4.5,62060,0.7515000105,7,7,7.5,0,2,59,1.3415584564,4
"403",1,3000,0,0,51,14,1,0,2595,53,16,8.8632001877,28300,0.6215000153,12,12,9.5,1,0,25.2999992371,0,0
"404",1,293,0,2,43,12,3.0717000961,4,2400,47,12,9.3332996368,24149,0.6614999771,12,10,7.5,1,3,23.2489910126,1.122231245,9
"405",1,1872,0,1,43,12,1.7163000107,0,2856,48,12,3.8262999058,28141,0.6614999771,12,10,7.5,1,21,24.9280872345,0.5401707888,441
"406",1,2058,0,1,38,12,4.0208997726,4,2601,38,14,5.4447999001,23057,0.6614999771,10,10,7.5,1,20,14.7819881439,1.3915057182,400
"407",1,1832,0,1,44,12,5.4584999084,4.9499998093,2054,48,9,8.7634000778,28900,0.6215000153,3,7,7.5,1,19,18.9000282288,1.6971739531,361
"408",1,120,1,3,36,12,25,9.9799995422,2500,35,12,8.3999996185,24000,0.6614999771,12,10,9.5,1,4,21,3.218875885,16
"409",1,1632,0,0,38,12,2.3896999359,2.2999999523,1960,31,12,5.1020002365,13900,0.7214999795,12,12,7.5,0,19,10.0000095367,0.871167779,361
"410",1,778,0,0,47,8,3.2133998871,7.25,2058,51,8,7.4100999832,31810,0.6915000081,12,12,5,1,11,29.3099746704,1.1673295498,121
"411",1,1984,0,2,34,12,3.3770000935,3.1400001049,2410,49,10,5.3527002335,19840,0.6915000081,7,7,7.5,0,14,13.1400318146,1.2169877291,196
"412",1,225,1,2,40,17,1.777799964,0,1278,38,17,19.5620002747,25490,0.6614999771,16,17,14,1,8,25.0899944305,0.5753766298,64
"413",1,1960,0,1,31,12,3.1633000374,3.1800000668,2875,35,12,5.0782999992,20800,0.6915000081,12,12,7.5,0,13,14.5999317169,1.1516157389,169
"414",1,444,0,0,46,12,2.7026998997,0,2340,49,12,0.5127999783,2400,0.8015000224,10,16,7.5,1,24,1.2000012398,0.9942512512,576
"415",1,384,0,3,36,14,1.6927000284,0,3060,43,17,5.4019999504,32650,0.5814999938,10,10,14,1,1,32.0000038147,0.5263249278,1
"416",1,1170,1,2,39,13,0.2136999965,0,1920,47,12,7.8646001816,16370,0.7214999795,12,16,11,1,1,16.1199703217,-1.5431821346,1
"417",1,1330,0,2,36,17,6.7669000626,4.5,3390,38,12,6.0531001091,35500,0.5515000224,7,7,14,0,3,26.5000228882,1.9120430946,9
"418",1,1350,0,4,37,8,1.7407000065,2.0999999046,2400,41,12,5,15100,0.7515000105,7,7,3,0,4,12.7500553131,0.5542873144,16
"419",1,480,0,4,39,12,2.5,0,1640,40,11,7.6828999519,14100,0.7515000105,7,9,3,0,21,12.8999996185,0.91629076,441
"420",1,1984,1,3,36,11,4.4858999252,3.2599999905,1656,38,8,6.038599968,19600,0.7214999795,7,3,14,0,10,10.6999750137,1.5009391308,100
"421",1,1944,0,2,49,12,2.5720000267,2.7000000477,1920,53,16,5.8509998322,19434,0.7214999795,7,7,5,1,13,14.4340314865,0.9446837902,169
"422",1,50,1,1,45,12,3.4600000381,5,1780,46,10,6.7416000366,23882,0.7214999795,7,7,9.5,1,9,23.7089996338,1.2412686348,81
"423",1,460,2,0,32,17,4.782599926,0,1850,31,17,8.1080999374,17300,0.7214999795,7,7,7.5,0,14,15.1000041962,1.5649843216,196
"424",1,680,0,5,36,10,2.3118000031,0,3430,43,12,5.3060998917,19772,0.7214999795,7,7,7.5,0,2,18.1999759674,0.838026464,4
"425",1,2450,0,1,40,12,5.3060998917,6.5,2008,40,8,7.2708997726,35641,0.6215000153,7,7,5,1,21,22.6410560608,1.6688570976,441
"426",1,2144,0,2,43,13,5.8674998283,0,2140,43,11,8.1775999069,34220,0.5814999938,7,7,7.5,1,22,21.6400794983,1.7694286108,484
"427",1,1760,0,1,33,12,3.4091000557,3.2100000381,3380,34,12,7.1005997658,30000,0.5814999938,12,16,11,1,14,23.9999847412,1.2264482975,196
"428",1,490,0,1,30,12,4.0816001892,2.4600000381,2430,33,11,6.584400177,18000,0.6915000081,12,12,7.5,1,7,16.0000152588,1.4064891338,49
"429",0,0,0,1,49,12,0,0,2550,54,15,7.8529000282,21025,0.6614999771,14,12,7.5,1,2,21.0249996185,"NA",4
"430",0,0,2,0,30,16,0,0,1928,34,16,11.9289999008,23600,0.6614999771,14,7,9.5,1,5,23.6000003815,"NA",25
"431",0,0,1,0,30,12,0,0,1100,39,17,18,22800,0.6614999771,12,12,7.5,0,12,22.7999992371,"NA",144
"432",0,0,0,4,41,12,0,0,3193,40,16,10.0220003128,35910,0.5814999938,7,7,7.5,1,1,35.9099998474,"NA",1
"433",0,0,0,1,45,12,0,0,2250,46,16,9.3332996368,21700,0.6614999771,7,7,5,1,12,21.7000007629,"NA",144
"434",0,0,0,5,43,12,0,0,2012,44,13,6.0850000381,21823,0.7515000105,7,7,7.5,1,4,21.8229999542,"NA",16
"435",0,0,0,1,42,13,0,0,3856,46,15,5.7053999901,31000,0.6614999771,10,7,11,1,9,31,"NA",81
"436",0,0,0,0,60,12,0,0,1645,58,12,9.1184997559,15300,0.7214999795,7,7,7.5,1,9,15.3000001907,"NA",81
"437",0,0,0,0,57,12,0,0,1554,57,12,7.2072000504,12925,0.7214999795,9,3,7.5,1,6,12.9250001907,"NA",36
"438",0,0,0,2,38,10,0,0,2352,41,8,5.3145999908,15830,0.7515000105,12,7,5,0,5,15.8299999237,"NA",25
"439",0,0,0,0,56,12,0,0,1980,58,12,8.2827997208,30200,0.6915000081,12,12,7.5,1,5,30.2000007629,"NA",25
"440",0,0,0,3,32,12,0,0,2352,37,7,7.0577998161,16600,0.7214999795,10,7,5,0,8,16.6000003815,"NA",64
"441",0,0,0,1,49,7,0,0,1784,58,6,6.1659002304,11000,0.7515000105,7,7,7.5,1,2,11,"NA",4
"442",0,0,0,0,55,12,0,0,2500,58,12,2.7000000477,15000,0.7214999795,7,10,3,0,6,15,"NA",36
"443",0,0,1,1,36,9,0,0,2088,39,14,7.6627998352,20528,0.7214999795,7,7,11,0,0,20.5279998779,"NA",0
"444",0,0,0,3,44,12,0,0,4640,50,12,1.8490999937,13126,0.7515000105,9,9,14,0,3,13.1260004044,"NA",9
"445",0,0,0,1,44,10,0,0,3900,60,12,3.8461999893,15550,0.7214999795,7,14,7.5,1,7,15.5500001907,"NA",49
"446",0,0,1,2,35,14,0,0,1988,34,17,9.0543003082,18010,0.7214999795,3,12,7.5,1,3,18.0100002289,"NA",9
"447",0,0,2,3,44,14,0,0,1920,45,10,9.375,18874,0.7214999795,10,10,14,0,10,18.8740005493,"NA",100
"448",0,0,0,1,45,12,0,0,2400,45,12,8.3332996368,24800,0.6614999771,12,12,14,1,3,24.7999992371,"NA",9
"449",0,0,1,0,34,12,0,0,1867,38,12,9.3732995987,17500,0.6915000081,12,17,5,1,2,17.5,"NA",4
"450",0,0,2,0,30,17,0,0,3570,32,17,4.4818000793,16150,0.7214999795,12,12,7.5,1,12,16.1499996185,"NA",144
"451",0,0,0,1,39,8,0,0,2805,44,12,5.3475999832,15189,0.7214999795,7,3,3,0,15,15.1890001297,"NA",225
"452",0,0,0,2,36,12,0,0,1110,39,15,3.2026998997,6000,0.7814999819,7,7,14,0,5,6,"NA",25
"453",0,0,0,2,38,17,0,0,2695,42,16,12.8009996414,37250,0.5515000224,10,12,9.5,1,4,37.25,"NA",16
"454",0,0,0,0,53,12,0,0,1950,54,16,6.910299778,27760,0.6215000153,10,10,7.5,1,10,27.7600002289,"NA",100
"455",0,0,0,2,36,12,0,0,2128,42,12,4.2293000221,9090,0.7714999914,7,7,3,0,1,9.0900001526,"NA",1
"456",0,0,1,1,32,12,0,0,3260,31,12,4.4478998184,14500,0.7214999795,12,7,7.5,1,8,14.5,"NA",64
"457",0,0,0,3,51,9,0,0,1987,51,12,8.0523004532,19700,0.7214999795,7,7,14,1,20,19.7000007629,"NA",400
"458",0,0,0,0,38,11,0,0,2185,46,11,7.5057001114,16788,0.6915000081,10,7,14,1,4,16.7880001068,"NA",16
"459",0,0,2,0,33,12,0,0,2475,36,12,7.4746999741,18520,0.6915000081,10,10,11,1,7,18.5200004578,"NA",49
"460",0,0,0,0,54,12,0,0,2610,53,12,6.3218002319,20950,0.6915000081,16,10,9.5,1,10,20.9500007629,"NA",100
"461",0,0,0,3,38,9,0,0,1920,44,12,2.1354000568,7574,0.8015000224,7,3,11,0,3,7.5739998817,"NA",9
"462",0,0,2,2,30,11,0,0,2352,31,14,4.2091999054,10027,0.7714999914,7,7,3,0,5,10.0270004272,"NA",25
"463",0,0,2,3,34,12,0,0,3160,30,12,0.7595000267,5000,0.9415000081,12,12,7.5,0,10,5,"NA",100
"464",0,0,0,1,34,9,0,0,1040,37,13,4.8077001572,7040,0.7914999723,12,7,3,0,0,7.0399999619,"NA",0
"465",0,0,0,2,50,12,0,0,3120,49,12,12.7880001068,40800,0.5214999914,10,7,7.5,1,3,40.7999992371,"NA",9
"466",0,0,2,0,30,17,0,0,2240,30,16,7.1428999901,16050,0.7214999795,12,12,11,0,10,16.0499992371,"NA",100
"467",0,0,0,2,38,12,0,0,1980,42,16,15.1520004272,33100,0.5814999938,10,7,11,1,2,33.0999984741,"NA",4
"468",0,0,0,0,54,14,0,0,1960,58,14,7.9081997871,33856,0.7214999795,12,12,9.5,1,10,33.8559989929,"NA",100
"469",0,0,1,2,30,12,0,3,2940,31,17,6.972799778,20500,0.6915000081,12,12,7.5,1,4,20.5,"NA",16
"470",0,0,0,0,55,12,0,0,2467,56,11,4.9180998802,28600,0.5814999938,7,7,5,1,0,28.6000003815,"NA",0
"471",0,0,0,1,51,10,0,0,2256,56,12,8.3112001419,18750,0.6915000081,10,10,11,0,10,18.75,"NA",100
"472",0,0,0,1,44,12,0,0,1680,46,12,7.1428999901,20300,0.7214999795,7,7,9.5,1,5,20.2999992371,"NA",25
"473",0,0,0,0,53,12,0,0,2250,55,12,5.6888999939,13420,0.7214999795,7,7,5,0,0,13.4200000763,"NA",0
"474",0,0,0,2,42,10,0,0,2400,49,9,7.0833001137,18400,0.7214999795,3,3,5,0,0,18.3999996185,"NA",0
"475",0,0,0,2,38,12,0,0,2196,42,11,5.6922001839,16682,0.7214999795,10,7,7.5,0,19,16.6819992065,"NA",361
"476",0,0,1,3,38,13,0,0,2400,40,12,11.3999996185,32685,0.6215000153,7,7,7.5,1,2,32.6850013733,"NA",4
"477",0,0,1,4,41,12,0,0,3825,41,11,1.415199995,7050,0.8015000224,3,3,9.5,1,12,7.0500001907,"NA",144
"478",0,0,0,3,35,8,0,0,2860,44,9,2.7506999969,10867,0.7814999819,12,7,9.5,1,5,10.8669996262,"NA",25
"479",0,0,1,2,33,12,0,2.75,2750,34,12,6.6181998253,18220,0.7214999795,12,12,9.5,1,5,18.2199993134,"NA",25
"480",0,0,0,0,48,13,0,0,2103,50,16,9.2725000381,26613,0.6915000081,7,7,7.5,0,5,26.6130008698,"NA",25
"481",0,0,0,0,47,12,0,0,1880,51,12,12.2869997025,25000,0.6215000153,12,10,7.5,1,10,25,"NA",100
"482",0,0,0,5,34,12,0,0,3185,41,13,2.8548998833,15700,0.7515000105,7,7,7.5,1,0,15.6999998093,"NA",0
"483",0,0,2,1,33,13,0,0,2677,37,17,7.9709000587,40250,0.5214999914,12,10,5,1,4,40.25,"NA",16
"484",0,0,3,1,31,13,0,0,3600,36,17,19.4440002441,73600,0.4415000081,12,16,11,0,3,73.5999984741,"NA",9
"485",0,0,0,0,58,8,0,0,4334,58,8,1.4805999994,10592,0.7515000105,12,7,7.5,1,2,10.5920000076,"NA",4
"486",0,0,0,0,49,12,0,0,2874,52,8,1.891800046,8000,0.7515000105,7,7,3,0,1,8,"NA",1
"487",0,0,0,1,55,8,0,0,1936,56,9,6.921500206,13400,0.7214999795,7,3,7.5,1,0,13.3999996185,"NA",0
"488",0,0,0,0,44,14,0,1.5,1964,49,8,10.6920003891,23700,0.6614999771,12,12,14,1,1,23.7000007629,"NA",1
"489",0,0,0,0,44,9,0,0,1900,48,8,9.9474000931,18900,0.6915000081,7,7,11,1,1,18.8999996185,"NA",1
"490",0,0,0,3,36,16,0,0,2500,37,17,19,48300,0.461499989,7,12,9.5,1,6,48.2999992371,"NA",36
"491",0,0,0,3,38,12,0,0,3173,46,14,7.4882001877,24470,0.6614999771,14,14,9.5,1,12,24.4699993134,"NA",144
"492",0,0,0,3,37,16,0,0,2916,38,17,9.2589998245,28630,0.6215000153,16,7,7.5,1,6,28.6299991608,"NA",36
"493",0,0,0,0,47,12,0,0,2208,51,12,11.3219995499,25320,0.6215000153,12,7,5,1,9,25.3199996948,"NA",81
"494",0,0,0,3,47,12,0,0,2094,47,10,6.4470000267,13530,0.7515000105,12,10,7.5,1,14,13.529999733,"NA",196
"495",0,0,1,1,32,12,0,0,2250,33,12,6.5777997971,14800,0.7214999795,7,7,9,1,13,14.8000001907,"NA",169
"496",0,0,1,2,43,12,0,0,2000,46,12,6.0999999046,17400,0.7515000105,12,7,7.5,0,8,17.3999996185,"NA",64
"497",0,0,1,4,42,11,0,0,2600,48,10,4.2308001518,15980,0.7814999819,10,10,3,0,0,15.9799995422,"NA",0
"498",0,0,0,0,56,12,0,0,4368,57,8,2.2170000076,16576,0.7214999795,7,7,7.5,0,1,16.5760002136,"NA",1
"499",0,0,0,5,38,13,0,2.25,3068,40,16,6.5188999176,21850,0.6915000081,12,7,11,1,3,21.8500003815,"NA",9
"500",0,0,0,2,52,12,0,0,2218,51,11,6.4923000336,14600,0.7214999795,7,7,14,1,13,14.6000003815,"NA",169
"501",0,0,0,0,50,12,0,0,1848,56,12,11.3640003204,21600,0.6614999771,12,12,7.5,1,3,21.6000003815,"NA",9
"502",0,0,0,0,33,16,0,0,2430,33,17,9.8765001297,24000,0.6614999771,12,12,7.5,1,8,24,"NA",64
"503",0,0,0,2,44,16,0,0,2640,44,17,7.657599926,20883,0.6915000081,7,7,7.5,1,8,20.8829994202,"NA",64
"504",0,0,0,1,41,12,0,0,2108,42,16,8.3016996384,19500,0.6915000081,7,7,14,0,18,19.5,"NA",324
"505",0,0,0,1,45,12,0,0,1998,45,12,14.1140003204,42800,0.6215000153,14,12,11,1,2,42.7999992371,"NA",4
"506",0,0,0,0,53,14,0,0,2500,55,16,16,41500,0.5214999914,7,7,7.5,0,3,41.5,"NA",9
"507",0,0,0,0,53,14,0,0,1665,56,17,11.2910003662,18965,0.6915000081,12,12,14,1,5,18.9650001526,"NA",25
"508",0,0,0,1,42,12,0,0,2990,46,12,2.3394999504,16100,0.7214999795,12,10,9.5,1,2,16.1000003815,"NA",4
"509",0,0,2,0,32,13,0,0,1795,35,16,7.7993998528,14700,0.7214999795,12,17,7.5,1,10,14.6999998093,"NA",100
"510",0,0,0,0,56,12,0,0,2500,53,12,6,18800,0.7214999795,7,7,7.5,1,30,18.7999992371,"NA",900
"511",0,0,1,3,37,11,0,0,2205,40,11,6.6893000603,14750,0.7515000105,10,7,11,1,1,14.75,"NA",1
"512",0,0,1,2,40,12,0,0,2460,42,14,8.5366001129,21000,0.6915000081,12,7,14,1,5,21,"NA",25
"513",0,0,0,3,54,15,0,0,1880,55,16,13.8299999237,35400,0.6215000153,0,7,7.5,1,8,35.4000015259,"NA",64
"514",0,0,0,0,53,7,0,0,3481,53,9,1.4800000191,10700,0.7515000105,7,7,7.5,0,0,10.6999998093,"NA",0
"515",0,0,0,1,48,12,0,0,2450,51,12,8.5713996887,24500,0.6614999771,7,7,9.5,1,4,24.5,"NA",16
"516",0,0,1,2,36,12,0,0,2062,38,14,8.2299003601,17045,0.7214999795,7,7,9.5,1,2,17.0450000763,"NA",4
"517",0,0,0,0,57,12,0,0,2146,52,14,8.3877000809,18800,0.6915000081,7,7,7.5,1,30,18.7999992371,"NA",900
"518",0,0,0,0,51,12,0,0,1575,49,7,7.3650999069,14000,0.7214999795,10,7,14,1,25,14,"NA",625
"519",0,0,0,4,33,13,0,0,3096,37,12,3.4414999485,18214,0.7214999795,7,0,3,0,3,18.2140007019,"NA",9
"520",0,0,0,0,52,12,0,0,3280,49,11,3.3536999226,20177,0.7515000105,7,7,7.5,1,20,20.1770000458,"NA",400
"521",0,0,0,0,56,10,0,0,1680,60,8,2.9762001038,8300,0.7814999819,0,7,7.5,1,20,8.3000001907,"NA",400
"522",0,0,1,2,36,12,0,0,2625,38,11,5.1810002327,14200,0.7515000105,14,9,7.5,1,0,14.1999998093,"NA",0
"523",0,0,1,0,36,14,0,0,1846,50,16,10.2930002213,21768,0.6915000081,12,12,7.5,0,15,21.767999649,"NA",225
"524",0,0,0,1,46,12,0,0,2178,47,10,13.2430000305,29553,0.5814999938,10,7,14,1,10,29.5529994965,"NA",100
"525",0,0,0,3,31,10,0,0,960,33,9,3.6458001137,4350,0.9415000081,7,7,7.5,0,4,4.3499999046,"NA",16
"526",0,0,0,0,52,11,0,0,2210,51,12,10.406999588,24000,0.6614999771,7,7,11,1,3,24,"NA",9
"527",0,0,0,2,46,12,0,0,2192,55,12,8.2117004395,18300,0.6915000081,7,7,7.5,1,10,18.2999992371,"NA",100
"528",0,0,2,0,35,12,0,0,1960,44,16,8.673500061,17200,0.7214999795,7,3,7.5,1,9,17.2000007629,"NA",81
"529",0,0,0,0,59,12,0,0,1920,56,10,8.3207998276,16476,0.6915000081,7,7,14,0,7,16.4759998322,"NA",49
"530",0,0,0,1,36,8,0,0,2286,40,12,4.2870001793,13400,0.7515000105,0,0,14,0,12,13.3999996185,"NA",144
"531",0,0,1,3,51,7,0,0,2000,52,7,10.5,44988,0.5214999914,3,3,14,0,0,44.9879989624,"NA",0
"532",0,0,1,0,31,16,0,0,2256,31,12,7.978700161,18200,0.6915000081,12,12,9,1,16,18.2000007629,"NA",256
"533",0,0,0,2,31,14,0,0,2370,36,17,11.8140001297,28000,0.6215000153,12,12,14,1,4,28,"NA",16
"534",0,0,1,1,32,12,0,0,1800,39,13,6.1111001968,11550,0.7515000105,12,12,7.5,1,7,11.5500001907,"NA",49
"535",0,0,1,2,35,16,0,0,2250,38,16,12.5780000687,28450,0.6215000153,12,7,14,1,7,28.4500007629,"NA",49
"536",0,0,0,3,40,12,0,4.0999999046,1080,43,12,11.2440004349,15096,0.7515000105,7,10,7.5,1,14,15.0959997177,"NA",196
"537",0,0,1,2,33,10,0,0,2840,38,12,2.7407999039,8009,0.7814999819,7,7,14,0,2,8.0089998245,"NA",4
"538",0,0,0,0,54,7,0,0,2250,52,11,4.4443998337,10040,0.7515000105,0,0,3,1,20,10.0399999619,"NA",400
"539",0,0,1,1,36,12,0,0,2746,37,12,5.8267002106,16700,0.7214999795,12,12,7.5,1,5,16.7000007629,"NA",25
"540",0,0,0,1,50,10,0,0,2300,60,8,2.3478000164,8400,0.7814999819,12,7,3,0,10,8.3999996185,"NA",100
"541",0,0,0,0,54,8,0,0,2860,49,8,4.4755001068,13000,0.7214999795,0,0,3,0,20,13,"NA",400
"542",0,0,0,1,48,11,0,0,1765,49,12,8.4986000061,17970,0.7214999795,7,7,7.5,1,10,17.9699993134,"NA",100
"543",0,0,0,4,41,15,0,0,2520,42,16,7.1824998856,18450,0.7214999795,14,17,5,0,8,18.4500007629,"NA",64
"544",0,0,0,4,50,12,0,0,2208,53,12,10.8699998856,31000,0.6614999771,12,7,14,1,11,31,"NA",121
"545",0,0,0,2,46,12,0,0,2119,51,8,7.1222000122,24135,0.7214999795,10,7,7.5,1,3,24.1350002289,"NA",9
"546",0,0,0,1,42,13,0,0,2580,47,17,10.6591997147,31700,0.5814999938,12,12,7.5,0,6,31.7000007629,"NA",36
"547",0,0,1,2,31,9,0,0,1984,34,12,3.2762000561,10190,0.7914999723,3,3,14,0,4,10.1899995804,"NA",16
"548",0,0,0,0,53,12,0,0,1880,58,8,7.7520999908,21574,0.7214999795,10,10,14,0,4,21.5739994049,"NA",16
"549",0,0,0,1,51,12,0,0,2185,57,12,11.9449996948,26680,0.6215000153,3,3,7.5,1,9,26.6800003052,"NA",81
"550",0,0,0,1,47,12,0,0,2080,57,12,4.6153998375,17700,0.7515000105,7,9,11,1,10,17.7000007629,"NA",100
"551",0,0,0,1,50,12,0,0,1920,50,12,13.0209999084,29400,0.6215000153,12,12,14,1,3,29.3999996185,"NA",9
"552",0,0,0,1,37,6,0,0,3000,52,5,2.6666998863,22159,0.7515000105,7,7,7.5,0,2,22.1590003967,"NA",4
"553",0,0,2,2,30,12,0,0,2100,31,12,8.8332996368,35000,0.5814999938,12,12,11,0,2,35,"NA",4
"554",0,0,0,0,49,12,0,0,1690,39,12,2.3668999672,8630,0.7914999723,16,16,5,1,0,8.6300001144,"NA",0
"555",0,0,0,2,52,12,0,0,2600,49,16,5,17080,0.7515000105,7,0,14,1,8,17.0799999237,"NA",64
"556",0,0,0,2,47,12,0,0,1984,49,16,7.4597001076,32500,0.7214999795,10,7,14,1,6,32.5,"NA",36
"557",0,0,0,0,49,12,0,0,2064,53,12,7.7519001961,16000,0.7214999795,7,7,11,1,15,16,"NA",225
"558",0,0,0,4,44,12,0,0,2553,31,16,5.4053997993,18850,0.7515000105,12,10,14,1,15,18.8500003815,"NA",225
"559",0,0,0,0,53,8,0,0,2776,59,9,6.1238999367,17500,0.6915000081,9,9,9.5,1,9,17.5,"NA",81
"560",0,0,1,0,30,12,0,0,2315,31,13,8.3368997574,19392,0.6915000081,7,12,14,0,8,19.3920001984,"NA",64
"561",0,0,0,2,54,12,0,0,1880,55,12,7.127699852,14450,0.7214999795,7,10,7.5,1,18,14.4499998093,"NA",324
"562",0,0,1,1,47,7,0,0,2160,51,7,6.1203999519,21800,0.6915000081,0,0,7.5,1,3,21.7999992371,"NA",9
"563",0,0,0,0,56,15,0,0,900,56,12,3.1110999584,7700,0.7515000105,7,7,14,1,10,7.6999998093,"NA",100
"564",0,0,0,1,49,12,0,0,2467,52,16,12.1610002518,31800,0.5814999938,7,7,11,0,6,31.7999992371,"NA",36
"565",0,0,0,0,48,6,0,0,1820,55,12,5.3846001625,17258,0.7515000105,7,7,9.5,1,20,17.2579994202,"NA",400
"566",0,0,0,1,49,12,0,0,2223,53,10,3.9837999344,13399,0.7515000105,10,12,9.5,0,8,13.3990001678,"NA",64
"567",0,0,0,1,56,12,0,0,2142,60,12,7.4696998596,16073,0.7214999795,12,16,11,0,3,16.0729999542,"NA",9
"568",0,0,0,0,46,12,0,0,1928,46,11,11.4110002518,23260,0.6614999771,7,7,7.5,1,4,23.2600002289,"NA",16
"569",0,0,0,2,45,12,0,0,2783,49,17,12.9359998703,37300,0.5515000224,12,12,14,1,13,37.2999992371,"NA",169
"570",0,0,0,2,32,12,0,0,1960,35,12,5.6121997833,11000,0.7515000105,12,7,11,1,4,11,"NA",16
"571",0,0,1,1,43,12,0,2.7000000477,1920,41,12,6.809899807,13075,0.7515000105,7,7,14,1,17,13.0749998093,"NA",289
"572",0,0,1,1,34,12,0,0,1587,39,12,8.5066003799,13700,0.7214999795,7,7,9.5,1,4,13.6999998093,"NA",16
"573",0,0,1,1,30,12,0,0,2496,51,10,5.507999897,25100,0.6614999771,7,10,5,0,0,25.1000003815,"NA",0
"574",0,0,2,0,38,17,0,4.8000001907,2280,39,12,7.2284998894,18600,0.6915000081,12,16,5,1,15,18.6000003815,"NA",225
"575",0,0,1,1,33,16,0,0,2750,36,17,9.4545001984,29000,0.6215000153,16,16,9.5,0,11,29,"NA",121
"576",0,0,0,0,52,12,0,0,2115,55,12,8.983499527,19237,0.6915000081,7,7,9.5,1,23,19.2369995117,"NA",529
"577",0,0,0,3,43,11,0,0,2590,45,12,5.9846000671,19855,0.7214999795,12,14,7.5,1,1,19.8549995422,"NA",1
"578",0,0,1,1,33,12,0,0,2372,34,12,3.9628999233,9450,0.7515000105,12,7,9.5,0,5,9.4499998093,"NA",25
"579",0,0,0,0,45,10,0,0,2295,48,12,7.0574998856,30000,0.5814999938,7,7,7.5,0,1,30,"NA",1
"580",0,0,2,1,36,10,0,0,2096,38,12,7.1564998627,15000,0.7214999795,10,10,14,1,5,15,"NA",25
"581",0,0,1,1,34,12,0,0,3315,39,17,4.0145001411,24701,0.6614999771,12,12,9.5,1,3,24.7010002136,"NA",9
"582",0,0,0,2,37,14,0,0,1777,50,16,3.8828999996,15900,0.7214999795,10,14,11,0,3,15.8999996185,"NA",9
"583",0,0,0,1,46,10,0,0,1880,51,12,7.978700161,16240,0.7214999795,7,7,11,0,19,16.2399997711,"NA",361
"584",0,0,0,0,47,12,0,0,2184,55,10,5.0366001129,21100,0.7515000105,12,12,9.5,1,20,21.1000003815,"NA",400
"585",0,0,2,1,31,16,0,0,3250,32,16,7.0769000053,23000,0.6614999771,12,12,7.5,1,5,23,"NA",25
"586",0,0,0,0,57,5,0,0,1520,58,5,3.6184000969,6340,0.7714999914,7,7,14,0,0,6.3400001526,"NA",0
"587",0,0,1,1,30,12,0,0,3119,30,13,13.4659996033,42250,0.4914999902,10,10,5,1,3,42.25,"NA",9
"588",0,0,0,0,30,12,0,0,640,43,17,14.5310001373,14694,0.7214999795,12,10,11,1,3,14.6940002441,"NA",9
"589",0,0,0,3,44,12,0,0,2250,45,12,6.8000001907,21417,0.7214999795,12,12,9.5,1,7,21.4169998169,"NA",49
"590",0,0,0,0,53,13,0,0,3000,53,13,6.6666998863,20200,0.6614999771,7,12,7.5,1,7,20.2000007629,"NA",49
"591",0,0,0,0,51,8,0,0,2028,54,8,5.9172000885,12090,0.7214999795,7,7,9.5,1,1,12.0900001526,"NA",1
"592",0,0,1,3,39,12,0,0,2412,36,14,10.2399997711,24760,0.6614999771,12,7,5,1,13,24.7600002289,"NA",169
"593",0,0,0,0,52,8,0,0,2452,54,12,8.1565999985,23000,0.6915000081,7,3,3,0,0,23,"NA",0
"594",0,0,0,4,46,8,0,0,2304,50,12,6.6774997711,19365,0.7214999795,3,3,11,1,0,19.3649997711,"NA",0
"595",0,0,0,5,47,12,0,0,3120,49,12,0.961499989,5550,0.9415000081,7,7,3,0,12,5.5500001907,"NA",144
"596",0,0,0,2,52,8,0,0,1670,54,8,16.906999588,68035,0.4415000081,7,3,7.5,1,0,68.0350036621,"NA",0
"597",0,0,0,2,45,12,0,0,2137,46,15,13.5699996948,29300,0.6215000153,10,14,7.5,1,5,29.2999992371,"NA",25
"598",0,0,0,0,60,11,0,0,2071,52,11,8.9329004288,18500,0.6915000081,7,7,7.5,1,45,18.5,"NA",2025
"599",0,0,0,2,41,13,0,0,1960,54,7,4.7371997833,22582,0.7214999795,17,7,11,0,10,22.5820007324,"NA",100
"600",0,0,0,3,39,8,0,0,2068,45,12,8.51060009,21500,0.7214999795,7,7,7.5,1,2,21.5,"NA",4
"601",0,0,0,1,49,12,0,0,2190,51,12,5.2511000633,28070,0.7515000105,7,7,7.5,0,3,28.0699996948,"NA",9
"602",0,0,1,1,32,15,0,0,2295,37,13,21.7859992981,50300,0.4415000081,12,12,14,1,1,50.2999992371,"NA",1
"603",0,0,1,3,33,12,0,0,2970,34,13,7.9124999046,23500,0.6614999771,12,12,14,1,5,23.5,"NA",25
"604",0,0,0,4,36,10,0,0,2068,37,8,7.108300209,15500,0.7515000105,7,9,14,0,10,15.5,"NA",100
"605",0,0,3,3,37,13,0,0,2419,39,14,5.0433998108,13440,0.7714999914,7,0,5,0,4,13.4399995804,"NA",16
"606",0,0,1,2,30,12,0,0,2150,34,11,2.2441999912,8100,0.7814999819,12,12,11,0,7,8.1000003815,"NA",49
"607",0,0,1,1,44,11,0,0,1152,37,10,8.5068998337,9800,0.7515000105,7,12,9.5,1,9,9.8000001907,"NA",81
"608",0,0,0,1,48,12,0,0,2640,49,12,7.575799942,20300,0.6915000081,7,12,5,1,5,20.2999992371,"NA",25
"609",0,0,0,4,40,11,0,0,2550,45,11,5.8824000359,15000,0.7515000105,7,7,14,1,4,15,"NA",16
"610",0,0,0,0,47,13,0,0,1360,49,16,40.4410018921,56100,0.4415000081,9,9,5,1,11,56.0999984741,"NA",121
"611",0,0,0,2,36,12,0,0,2420,40,12,6.2339000702,22846,0.7214999795,12,7,5,1,9,22.8460006714,"NA",81
"612",0,0,0,2,40,11,0,0,2205,42,14,9.2971000671,22225,0.6915000081,7,12,5,1,4,22.2250003815,"NA",16
"613",0,0,0,1,46,12,0,0,3268,46,12,0.7038000226,17635,0.9415000081,12,7,7.5,1,2,17.6350002289,"NA",4
"614",0,0,0,0,52,12,0,0,3672,54,12,2.5425000191,18500,0.6915000081,3,12,7.5,0,23,18.5,"NA",529
"615",0,0,0,1,44,12,0,0,1800,45,12,5.0833001137,13390,0.7515000105,12,12,11,0,3,13.3900003433,"NA",9
"616",0,0,0,1,45,10,0,0,1926,46,14,7.6842999458,15150,0.7214999795,7,7,7.5,1,15,15.1499996185,"NA",225
"617",0,0,2,1,30,7,0,0,1920,35,7,4.0625,16200,0.7814999819,7,3,7.5,0,8,16.2000007629,"NA",64
"618",0,0,1,3,40,12,0,0,2080,44,12,6.51060009,33920,0.6614999771,12,12,14,1,3,33.9199981689,"NA",9
"619",0,0,0,1,43,12,0,0,2856,43,12,2.9509999752,14000,0.7214999795,7,12,7.5,0,25,14,"NA",625
"620",0,0,0,2,49,12,0,0,2115,53,10,5.6737999916,16736,0.7515000105,12,3,11,1,2,16.736000061,"NA",4
"621",0,0,1,4,46,12,0,3.4500000477,1880,48,12,12.765999794,30650,0.6614999771,12,12,11,1,0,30.6499996185,"NA",0
"622",0,0,0,0,52,11,0,0,2000,52,12,6,12400,0.7515000105,7,7,11,0,19,12.3999996185,"NA",361
"623",0,0,1,1,31,12,0,0,2044,33,15,9.2954998016,19022,0.6915000081,7,10,9.5,1,3,19.0219993591,"NA",9
"624",0,0,1,1,42,10,0,0,1677,47,11,5.1324000359,11203,0.7515000105,7,7,5,0,7,11.2030000687,"NA",49
"625",0,0,0,3,33,11,0,0,2184,38,8,9.0658998489,19876,0.6915000081,7,14,7.5,1,1,19.8759994507,"NA",1
"626",0,0,0,0,57,16,0,0,3185,57,13,11.9309997559,57000,0.4415000081,7,12,14,1,9,57,"NA",81
"627",0,0,0,0,49,10,0,0,2680,51,10,6.7164001465,18290,0.6915000081,10,10,11,1,3,18.2900009155,"NA",9
"628",0,0,0,1,45,14,0,0,3615,47,14,4.585100174,20220,0.6915000081,14,12,11,1,8,20.2199993134,"NA",64
"629",0,0,0,0,56,11,0,0,2139,56,12,9.2566995621,22150,0.6915000081,7,7,14,1,0,22.1499996185,"NA",0
"630",0,0,1,3,41,12,0,0,3080,43,12,8.5656003952,30623,0.6215000153,10,10,7.5,1,5,30.6229991913,"NA",25
"631",0,0,0,0,56,5,0,0,1261,53,6,6.7406997681,9380,0.7515000105,3,3,14,1,20,9.3800001144,"NA",400
"632",0,0,0,1,48,10,0,0,2227,48,10,9.8788003922,22000,0.6915000081,7,7,5,1,3,22,"NA",9
"633",0,0,0,2,52,16,0,0,1920,53,16,9.375,23675,0.6614999771,12,10,7.5,1,12,23.6749992371,"NA",144
"634",0,0,0,0,51,12,0,0,2350,55,12,6.2769999504,33671,0.7214999795,7,7,14,1,5,33.6710014343,"NA",25
"635",0,0,0,3,35,11,0,0,1785,39,10,6.4240999222,12367,0.7515000105,7,7,7.5,0,1,12.3669996262,"NA",1
"636",0,0,0,0,45,12,0,0,2598,51,12,8.3718004227,21950,0.6614999771,7,7,5,0,0,21.9500007629,"NA",0
"637",0,0,0,0,54,12,0,0,2455,58,17,12.220000267,32000,0.5814999938,7,7,9.5,1,7,32,"NA",49
"638",0,0,0,2,54,12,0,0,2450,54,13,3.5611999035,22610,0.7214999795,10,10,9.5,1,13,22.6100006104,"NA",169
"639",0,0,1,0,31,12,0,0,1218,32,8,8.8669996262,12092,0.7515000105,7,7,3,0,3,12.0920000076,"NA",9
"640",0,0,0,3,53,6,0,0,2040,54,4,1.8515000343,3777,0.9415000081,7,7,11,0,0,3.7769999504,"NA",0
"641",0,0,2,2,35,14,0,0,2600,34,14,8.0768995285,36000,0.5515000224,16,14,3,0,2,36,"NA",4
"642",0,0,1,3,36,12,0,0,2450,40,16,8.9795999527,26900,0.6614999771,12,16,7.5,0,0,26.8999996185,"NA",0
"643",0,0,0,0,59,12,0,0,2717,60,12,6.6617999077,32242,0.6614999771,7,7,11,1,2,32.2420005798,"NA",4
"644",0,0,0,0,54,16,0,0,2701,54,17,11.107000351,35020,0.5814999938,16,17,5,1,1,35.0200004578,"NA",1
"645",0,0,1,1,37,12,0,0,2600,47,17,14.0769996643,37600,0.5515000224,7,7,9,1,10,37.5999984741,"NA",100
"646",0,0,0,0,44,12,0,0,3640,54,10,0.4120999873,1500,0.9415000081,7,7,7.5,1,10,1.5,"NA",100
"647",0,0,1,2,34,17,0,0,2940,40,16,23.8099994659,96000,0.4415000081,12,12,5,1,1,96,"NA",1
"648",0,0,0,0,49,12,0,0,1880,50,12,9.5745000839,18150,0.6915000081,7,7,11,0,3,18.1499996185,"NA",9
"649",0,0,0,0,49,12,0,0,3500,51,12,1.9285999537,15500,0.7214999795,7,7,3,0,32,15.5,"NA",1024
"650",0,0,0,0,60,9,0,0,3320,60,8,2.5782999992,14000,0.7214999795,7,7,3,0,0,14,"NA",0
"651",0,0,0,0,51,12,0,0,1605,55,12,7.227399826,14756,0.7214999795,7,7,7.5,1,7,14.7559995651,"NA",49
"652",0,0,1,1,30,12,0,0,2500,30,14,8.8000001907,22000,0.6614999771,12,10,5,1,5,22,"NA",25
"653",0,0,0,2,47,12,0,0,2400,49,9,7.75,24466,0.6614999771,7,7,11,1,2,24.4659996033,"NA",4
"654",0,0,0,4,36,12,0,0,1634,45,17,14.6879997253,24400,0.6614999771,12,12,7.5,1,5,24.3999996185,"NA",25
"655",0,0,1,3,35,12,0,0,2260,38,12,10.4870004654,24000,0.6614999771,7,7,9.5,1,3,24,"NA",9
"656",0,0,0,0,58,12,0,0,3478,53,12,4.0253000259,15500,0.7214999795,12,9,11,0,25,15.5,"NA",625
"657",0,0,1,3,41,14,0,0,2550,42,16,11.7650003433,30800,0.6215000153,14,12,7.5,0,0,30.7999992371,"NA",0
"658",0,0,0,1,51,10,0,0,840,52,8,9.5237998962,10660,0.7515000105,7,7,14,1,3,10.6599998474,"NA",9
"659",0,0,0,0,47,12,0,0,1520,52,12,6.9078998566,13350,0.7214999795,7,7,11,0,10,13.3500003815,"NA",100
"660",0,0,1,2,45,9,0,0,1920,35,9,5.1510000229,10090,0.7515000105,12,3,11,0,10,10.0900001526,"NA",100
"661",0,0,0,0,60,14,0,0,2703,55,17,20.4960002899,55600,0.4415000081,16,14,14,1,7,55.5999984741,"NA",49
"662",0,0,1,1,30,16,0,2,1896,46,16,13.5550003052,25700,0.6614999771,12,12,9.5,1,5,25.7000007629,"NA",25
"663",0,0,0,0,55,11,0,0,1960,57,13,14.795999527,29000,0.5814999938,7,3,5,1,15,29,"NA",225
"664",0,0,1,2,32,12,0,0,3060,50,8,1.690500021,7286,0.7814999819,10,7,3,0,1,7.2859997749,"NA",1
"665",0,0,0,2,36,12,0,0,2805,38,12,7.2295999527,37752,0.5214999914,7,7,3,0,5,37.7519989014,"NA",25
"666",0,0,0,0,55,12,0,0,1944,53,7,4.1152000427,13072,0.7515000105,3,3,14,0,9,13.0719995499,"NA",81
"667",0,0,0,0,47,12,0,0,1960,47,12,2.9990000725,7044,0.7714999914,3,3,14,0,18,7.0440001488,"NA",324
"668",0,0,0,1,47,12,0,0,2112,52,8,8.049200058,18200,0.6915000081,7,7,14,1,1,18.2000007629,"NA",1
"669",0,0,0,1,37,11,0,0,2544,39,12,8.5769996643,27000,0.6215000153,12,7,3,0,0,27,"NA",0
"670",0,0,0,2,50,12,0,0,1700,53,17,9.3234996796,30300,0.5814999938,10,12,3,0,6,30.2999992371,"NA",36
"671",0,0,0,3,30,12,0,0,2550,31,12,4.7059001923,12000,0.7515000105,3,7,14,0,1,12,"NA",1
"672",0,0,0,1,48,17,0,0,2080,45,17,9.1345996857,31500,0.6614999771,16,17,3,0,2,31.5,"NA",4
"673",0,0,0,2,43,10,0,0,2060,49,12,7.7670001984,27092,0.7214999795,10,10,5,1,15,27.091999054,"NA",225
"674",0,0,1,0,48,11,0,0,1955,46,8,4.1269001961,20968,0.7515000105,7,7,3,0,25,20.968000412,"NA",625
"675",0,0,1,2,41,14,0,0,2500,44,17,10,27000,0.6614999771,17,7,14,1,1,27,"NA",1
"676",0,0,0,0,50,12,0,0,2750,52,10,4.0727000237,11225,0.7515000105,7,10,7.5,1,0,11.2250003815,"NA",0
"677",0,0,0,0,58,8,0,0,2040,59,5,7.8529000282,37700,0.5814999938,3,3,7.5,0,0,37.7000007629,"NA",0
"678",0,0,0,5,38,13,0,0,3275,43,15,7.8168001175,28200,0.6614999771,12,16,7.5,1,0,28.2000007629,"NA",0
"679",0,0,0,1,37,12,0,0,2400,39,12,9.1667003632,34000,0.6614999771,7,12,5,0,8,34,"NA",64
"680",0,0,0,0,50,16,0,0,2024,51,17,29.6439990997,63200,0.4415000081,12,7,9.5,1,22,63.2000007629,"NA",484
"681",0,0,0,4,42,8,0,0,1840,44,6,4.0760998726,7500,0.7914999723,3,3,7.5,1,5,7.5,"NA",25
"682",0,0,1,3,37,9,0,0,2033,37,17,8.3620004654,17410,0.7214999795,10,10,9.5,1,10,17.4099998474,"NA",100
"683",0,0,0,2,41,16,0,0,1946,40,17,12.0620002747,51000,0.4415000081,16,17,9,1,1,51,"NA",1
"684",0,0,0,2,31,12,0,0,3660,31,12,2.3250999451,12916,0.7515000105,10,7,3,0,1,12.9160003662,"NA",1
"685",0,0,0,0,51,12,0,0,2088,55,11,10.0100002289,21900,0.6614999771,7,7,5,1,6,21.8999996185,"NA",36
"686",0,0,1,2,36,12,0,0,2048,41,12,5.2733998299,17640,0.7515000105,7,7,5,0,4,17.6399993896,"NA",16
"687",0,0,0,0,54,15,0,0,1920,52,15,10.4169998169,20000,0.6915000081,14,16,14,0,6,20,"NA",36
"688",0,0,0,0,49,12,0,0,2000,54,12,7.5,15000,0.7214999795,7,7,14,1,0,15,"NA",0
"689",0,0,1,1,48,9,0,0,2204,47,8,6.3520998955,14060,0.7214999795,10,12,5,0,1,14.0600004196,"NA",1
"690",0,0,0,2,42,9,0,0,3157,45,10,3.8071000576,15825,0.7214999795,7,14,9.5,0,3,15.8249998093,"NA",9
"691",0,0,1,2,41,12,0,0,1665,44,14,9.9098997116,16510,0.7214999795,3,16,9.5,1,15,16.5100002289,"NA",225
"692",0,0,0,0,55,16,0,0,2304,56,11,2.6700999737,13000,0.7214999795,12,12,7.5,0,33,13,"NA",1089
"693",0,0,0,0,42,9,0,0,2275,46,8,4.3955998421,10000,0.7515000105,7,7,5,1,2,10,"NA",4
"694",0,0,0,1,32,15,0,0,2760,33,17,7.9710001945,22000,0.6614999771,12,12,7.5,1,1,22,"NA",1
"695",0,0,0,2,43,12,0,0,1750,44,14,15.4289999008,29800,0.5814999938,7,7,7.5,1,10,29.7999992371,"NA",100
"696",0,0,1,3,33,12,0,0,3366,37,13,1.9853999615,15000,0.7214999795,7,7,5,1,0,15,"NA",0
"697",0,0,0,1,48,15,0,0,2205,51,16,7.2561998367,22300,0.7214999795,10,14,9.5,1,14,22.2999992371,"NA",196
"698",0,0,0,2,43,12,0,0,1990,48,9,7.035200119,14550,0.7214999795,3,16,7.5,1,15,14.5500001907,"NA",225
"699",0,0,1,3,47,17,0,0,1930,57,16,8.1346998215,19730,0.6915000081,14,12,7.5,1,15,19.7299995422,"NA",225
"700",0,0,0,0,54,12,0,0,1350,60,12,11.9809999466,35000,0.5515000224,12,12,7.5,1,10,35,"NA",100
"701",0,0,0,1,51,12,0,0,3340,52,12,5.9921998978,21014,0.6614999771,7,3,7.5,1,6,21.013999939,"NA",36
"702",0,0,0,1,51,10,0,0,960,57,10,4.1458001137,10876,0.7515000105,14,7,7.5,0,18,10.8760004044,"NA",324
"703",0,0,1,1,43,13,0,0,2732,42,13,8.5101995468,27850,0.6215000153,12,10,7.5,0,15,27.8500003815,"NA",225
"704",0,0,0,0,53,12,0,0,1624,59,8,2.9630999565,9560,0.7515000105,0,3,3,0,30,9.5600004196,"NA",900
"705",0,0,1,1,34,11,0,0,1804,36,12,8.8149003983,30300,0.6215000153,7,7,7.5,0,15,30.2999992371,"NA",225
"706",0,0,1,1,31,8,0,0,2805,31,10,2.4955000877,7720,0.7814999819,7,7,7.5,0,10,7.7199997902,"NA",100
"707",0,0,0,0,56,12,0,0,2160,59,8,4.8843002319,10550,0.7515000105,10,7,7.5,1,0,10.5500001907,"NA",0
"708",0,0,0,1,42,16,0,0,2052,55,15,10.1999998093,24106,0.6614999771,12,7,9.5,1,0,24.1060009003,"NA",0
"709",0,0,0,2,32,12,0,0,2250,35,16,10,22995,0.6614999771,12,14,9.5,1,4,22.9950008392,"NA",16
"710",0,0,1,3,35,12,0,0,1120,37,12,5.3571000099,6000,0.8015000224,12,12,9.5,1,0,6,"NA",0
"711",0,0,1,1,30,12,0,0,2450,36,14,9.7959003448,24350,0.6614999771,14,14,9.5,1,3,24.3500003815,"NA",9
"712",0,0,0,0,51,10,0,0,3432,50,11,1.3740999699,7608,0.7714999914,7,7,7.5,0,20,7.6079998016,"NA",400
"713",0,0,0,3,47,12,0,0,2700,48,12,3.4630000591,28200,0.7214999795,7,7,3,0,3,28.2000007629,"NA",9
"714",0,0,0,1,54,12,0,0,2817,55,13,5.0408000946,16150,0.7214999795,3,7,3,0,1,16.1499996185,"NA",1
"715",0,0,3,0,31,15,0,0,3000,34,17,16.6669998169,51200,0.4415000081,7,10,7.5,1,5,51.2000007629,"NA",25
"716",0,0,0,0,47,10,0,0,2125,45,11,4.3294000626,12646,0.7515000105,7,7,5,1,7,12.6459999084,"NA",49
"717",0,0,0,3,47,14,0,0,1864,42,16,10.1929998398,19000,0.6915000081,7,7,11,1,6,19,"NA",36
"718",0,0,0,3,40,12,0,0,2400,39,12,7.5833001137,19000,0.7214999795,7,7,7.5,1,2,19,"NA",4
"719",0,0,0,0,48,8,0,0,2160,50,7,4.1203999519,14400,0.7515000105,3,3,7.5,0,0,14.3999996185,"NA",0
"720",0,0,0,7,34,8,0,0,1040,51,7,4.8077001572,7232,0.9415000081,3,7,11,1,10,7.2319998741,"NA",100
"721",0,0,0,3,38,12,0,0,2450,42,16,3.1531000137,21943,0.7515000105,7,10,9.5,1,6,21.9430007935,"NA",36
"722",0,0,1,3,32,12,0,0,2500,34,16,19,47500,0.461499989,7,10,7.5,1,4,47.5,"NA",16
"723",0,0,0,1,48,16,0,0,2131,45,17,6.0535001755,28900,0.6215000153,12,7,7.5,1,8,28.8999996185,"NA",64
"724",0,0,0,2,41,12,0,0,2165,46,7,3.7874999046,12400,0.7714999914,7,7,7.5,0,18,12.3999996185,"NA",324
"725",0,0,0,2,49,5,0,0,2230,43,3,2.9286999702,6531,0.7814999819,0,0,7.5,0,7,6.5310001373,"NA",49
"726",0,0,0,0,59,8,0,0,1995,55,12,9.2972002029,22422,0.6915000081,3,7,11,1,15,22.422000885,"NA",225
"727",0,0,0,0,58,13,0,0,2025,57,16,9.3826999664,22200,0.6614999771,7,7,11,1,7,22.2000007629,"NA",49
"728",0,0,0,3,41,12,0,0,2450,48,15,26.5310001373,77000,0.4415000081,7,14,14,1,8,77,"NA",64
"729",0,0,0,2,45,12,0,0,2160,45,12,40.5089988708,88000,0.4415000081,10,10,14,1,8,88,"NA",64
"730",0,0,1,1,30,14,0,0,1715,32,17,15.1599998474,26040,0.6215000153,12,10,11,0,3,26.0400009155,"NA",9
"731",0,0,0,1,41,12,0,0,3018,42,16,18.9640007019,63500,0.4415000081,7,7,7.5,1,10,63.5,"NA",100
"732",0,0,2,0,30,12,0,0,2216,33,16,5.4152002335,12100,0.7515000105,10,10,7.5,0,9,12.1000003815,"NA",81
"733",0,0,0,1,53,12,0,0,2499,54,12,1.9988000393,17505,0.7515000105,12,7,7.5,1,24,17.5049991608,"NA",576
"734",0,0,0,0,31,12,0,0,2250,37,14,8,18000,0.6915000081,10,7,7.5,0,12,18,"NA",144
"735",0,0,0,2,43,14,0,0,2116,44,17,11.1529998779,28069,0.6614999771,12,12,11,1,2,28.0690002441,"NA",4
"736",0,0,1,1,31,12,0,0,2016,30,14,5.9524002075,14000,0.7515000105,12,14,14,1,6,14,"NA",36
"737",0,0,0,0,51,12,0,0,2470,60,10,2.1194000244,8117,0.7515000105,10,3,7.5,1,18,8.1169996262,"NA",324
"738",0,0,0,0,43,9,0,0,1640,45,12,3.8383998871,11895,0.7714999914,7,7,5,1,17,11.8950004578,"NA",289
"739",0,0,1,2,31,14,0,0,2016,34,16,17.361000061,45250,0.4914999902,16,16,5,1,7,45.25,"NA",49
"740",0,0,0,0,48,11,0,0,2185,48,12,8.0092000961,31106,0.6915000081,7,10,9.5,1,6,31.1060009003,"NA",36
"741",0,0,1,1,31,12,0,0,800,33,14,3,4000,0.8015000224,12,7,9.5,1,10,4,"NA",100
"742",0,0,0,1,44,12,0,0,3022,46,12,10.5889997482,40500,0.5814999938,7,7,7.5,1,5,40.5,"NA",25
"743",0,0,0,1,48,11,0,0,1512,50,14,10.9130001068,21620,0.7214999795,10,7,7.5,1,7,21.6200008392,"NA",49
"744",0,0,0,1,53,12,0,0,2677,53,12,5.6033000946,23426,0.7214999795,0,0,7.5,1,11,23.4260005951,"NA",121
"745",0,0,0,3,42,10,0,2.75,3150,44,12,7.9365000725,26000,0.6614999771,3,3,11,1,14,26,"NA",196
"746",0,0,2,6,39,12,0,0,1430,34,12,2.9475998878,7840,0.9415000081,7,0,9.5,1,5,7.8400001526,"NA",25
"747",0,0,1,2,32,10,0,0,3307,36,4,2.0562000275,6800,0.7914999723,7,3,7.5,0,2,6.8000001907,"NA",4
"748",0,0,0,2,36,12,0,0,3120,39,12,1.3013000488,5330,0.7914999723,7,12,14,0,4,5.3299999237,"NA",16
"749",0,0,0,2,40,13,0,0,3020,43,16,9.2714996338,28200,0.6215000153,10,10,9.5,1,5,28.2000007629,"NA",25
"750",0,0,2,3,31,12,0,0,2056,33,12,4.8638000488,10000,0.7714999914,12,12,7.5,0,14,10,"NA",196
"751",0,0,0,0,43,12,0,0,2383,43,12,1.0898000002,9952,0.7515000105,10,3,7.5,0,4,9.9519996643,"NA",16
"752",0,0,0,0,60,12,0,0,1705,55,8,12.4399995804,24984,0.6215000153,12,12,14,1,15,24.9839992523,"NA",225
"753",0,0,0,3,39,9,0,0,3120,48,12,6.089700222,28363,0.6915000081,7,7,11,1,12,28.3630008698,"NA",144
